date,revenue,product_cost,marketing_expense,operating_expense,shipping_expense,other_expense,gross_profit,operating_profit,profit_margin
2025-01-01,258548.62,139313.07,27897.57,31025.8344,10341.9448,5170.9724,119235.54999999999,44799.228399999985,0.17327196873067816
2025-01-02,240853.16,130171.21,26525.67,28902.3792,9634.126400000001,4817.0632000000005,110681.95,40802.711200000005,0.1694090756376209
2025-01-03,375160.34,207798.15,26916.36,45019.2408,15006.413600000002,7503.206800000001,167362.19000000003,72916.96880000002,0.19436214606266752
2025-01-04,216592.14,118719.16,26707.7,25991.056800000002,8663.6856,4331.8428,97872.98000000001,32178.694800000012,0.1485681557973434
2025-01-05,224565.84,118755.93,24203.34,26947.9008,8982.6336,4491.3168,105809.91,41184.7188,0.18339707766773433
2025-01-06,332124.74,176451.27,26768.83,39854.968799999995,13284.9896,6642.4948,155673.47,69122.18680000001,0.20812116194656263
2025-01-07,283707.22000000003,151412.33,27973.41,34044.8664,11348.288800000002,5674.144400000001,132294.89000000004,53254.18040000004,0.18770823104184672
2025-01-08,380379.52,200073.06,60673.62,45645.5424,15215.180800000002,7607.590400000001,180306.46000000002,51164.52640000002,0.13450915128133084
2025-01-09,347702.84,191642.71,53284.34,41724.3408,13908.1136,6954.0568,156060.13000000003,40189.27880000004,0.11558513240789185
2025-01-10,313024.14,163385.8,59466.55,37562.8968,12520.965600000001,6260.482800000001,149638.34000000003,33827.44480000002,0.10806656892340641
2025-01-11,197533.3,106639.42,60528.39,23703.996,7901.331999999999,3950.6659999999997,90893.87999999999,-5190.504000000008,-0.026276602476645754
2025-01-12,165859.55,93275.34,59097.240000000005,19903.145999999997,6634.382,3317.191,72584.20999999999,-16367.74900000001,-0.09868439290954312
2025-01-13,422763.61,220036.78,54911.32,50731.6332,16910.5444,8455.2722,202726.83,71718.06019999998,0.1696410440813484
2025-01-14,288316.73,157544.59,60779.61,34598.0076,11532.6692,5766.3346,130772.13999999998,18095.51859999999,0.06276263815838917
2025-01-15,392932.52,214433.19,61489.630000000005,47151.9024,15717.3008,7858.6504,178499.33000000002,46281.846400000024,0.11778573684865794
2025-01-16,260247.79,145118.76,57070.16,31229.7348,10409.911600000001,5204.955800000001,115129.03,11214.267799999998,0.04309073210573661
2025-01-17,286836.06,150729.12,65539.95,34420.3272,11473.4424,5736.7212,136106.94,18936.499200000006,0.06601854453027979
2025-01-18,260673.88,141116.4,66268.66,31280.8656,10426.9552,5213.4776,119557.48000000001,6367.5216000000055,0.024427156261302457
2025-01-19,153204.05,80388.05,40229.479999999996,18384.485999999997,6128.161999999999,3064.0809999999997,72815.99999999999,5009.790999999994,0.03270012117825863
2025-01-20,234493.3,124616.71,39177.12,28139.195999999996,9379.732,4689.866,109876.58999999998,28490.67599999997,0.12149889143954208
2025-01-21,347177.0,186453.46,41774.24,41661.24,13887.08,6943.54,160723.54,56457.440000000024,0.16261860664732983
2025-01-22,293117.16,157441.77,40547.880000000005,35174.059199999996,11724.686399999999,5862.343199999999,135675.38999999998,42366.42119999998,0.14453749893046175
2025-01-23,373842.62,195445.01,9190.16,44861.1144,14953.7048,7476.8524,178397.61,101915.77839999998,0.2726167990155857
2025-01-24,364451.95,197239.23,9814.34,43734.234,14578.078000000001,7289.039000000001,167212.72,91797.029,0.25187690448631156
2025-01-25,182598.98,95836.43000000001,14002.779999999999,21911.8776,7303.9592,3651.9796,86762.55,39891.95360000001,0.21846755989546057
2025-01-26,176619.45,96313.43000000001,14419.710000000001,21194.334,7064.778,3532.389,80306.02,34094.808999999994,0.19304107786543323
2025-01-27,280006.44,149938.17,13016.32,33600.7728,11200.2576,5600.1288,130068.26999999999,66650.79079999997,0.23803306381096082
2025-01-28,359772.88,194065.3,12782.880000000001,43172.7456,14390.915200000001,7195.457600000001,165707.58000000002,88165.58160000002,0.2450589983325036
2025-01-29,368029.83,196469.96,13285.84,44163.5796,14721.193200000002,7360.596600000001,171559.87000000002,92028.66060000002,0.25005761244951263
2025-01-30,172489.92,96091.47,13145.81,20698.7904,6899.5968,3449.7984,76398.45000000001,32204.454400000017,0.18670339924790977
2025-01-31,337151.05,183736.96,14513.919999999998,40458.126,13486.042,6743.021,153414.09,78212.981,0.23198201814883865
2025-02-01,222769.97,120999.06,34303.83,26732.396399999998,8910.7988,4455.3994,101770.91,27368.485400000005,0.12285536241711575
2025-02-02,127988.91,70777.66,37700.58,15358.6692,5119.5564,2559.7782,57211.25,-3527.3338000000026,-0.027559683100668662
2025-02-03,296410.88,155917.95,34979.090000000004,35569.3056,11856.4352,5928.2176,140492.93,52159.88160000001,0.17597154868269346
2025-02-04,359408.05,191495.83,34307.61,43128.966,14376.322,7188.161,167912.22,68911.161,0.19173516286015296
2025-02-05,251714.1,144800.61000000002,39428.13,30205.692,10068.564,5034.282,106913.48999999999,22176.821999999993,0.08810321710226003
2025-02-06,294226.61,161479.3,29024.3,35307.193199999994,11769.0644,5884.5322,132747.31,50762.220199999996,0.17252763167818166
2025-02-07,401545.02,213888.81,25570.219999999998,48185.4024,16061.8008,8030.9004,187656.21000000002,89807.88640000003,0.22365583415777396
2025-02-08,122901.3,66217.65,29536.71,14748.155999999999,4916.052000000001,2458.0260000000003,56683.65000000001,5024.706000000009,0.04088407527015588
2025-02-09,205878.15,112279.9,27719.93,24705.377999999997,8235.126,4117.563,93598.25,28820.253000000004,0.13998694373346568
2025-02-10,387031.37,213087.98,21406.62,46443.7644,15481.2548,7740.6274,173943.38999999998,82871.1234,0.21411991332898933
2025-02-11,288144.06,146727.04,24283.45,34577.2872,11525.7624,5762.8812,141417.02,65267.639199999976,0.22651044481014107
2025-02-12,257933.43,141356.47,0.0,30952.011599999998,10317.3372,5158.6686,116576.95999999999,70148.9426,0.27196529972869354
2025-02-13,367101.38,197228.66,8203.03,44052.1656,14684.0552,7342.0276,169872.72,95591.44159999999,0.2603952118077028
2025-02-14,309209.87,172190.34,7844.24,37105.1844,12368.3948,6184.1974,137019.53,73517.5134,0.23775927139712583
2025-02-15,172263.07,92835.88,7847.54,20671.5684,6890.522800000001,3445.2614000000003,79427.19,40572.2974,0.2355252196538701
2025-02-16,201758.44,107417.42,6847.44,24211.0128,8070.3376,4035.1688,94341.02,51177.06080000001,0.25365511747612646
2025-02-17,300404.98,162432.04,7239.96,36048.597599999994,12016.1992,6008.0996,137972.93999999997,76660.08359999997,0.2551891236956191
2025-02-18,323512.91,176734.63,7449.36,38821.549199999994,12940.516399999999,6470.258199999999,146778.27999999997,81096.5962,0.25067499222828543
2025-02-19,284680.79,154813.6,22835.57,34161.6948,11387.2316,5693.6158,129867.18999999997,55789.07779999997,0.1959706441730753
2025-02-20,307201.22,170753.46,24750.6,36864.1464,12288.048799999999,6144.024399999999,136447.75999999998,56400.94039999998,0.18359608207285108
2025-02-21,352481.09,186944.62,22981.14,42297.730800000005,14099.243600000002,7049.621800000001,165536.47000000003,79108.73380000002,0.22443397970654258
2025-02-22,197100.3,109535.38,24262.96,23652.035999999996,7884.012,3942.006,87564.91999999998,27823.905999999984,0.14116622856484737
2025-02-23,158515.01,86233.81999999999,23205.69,19021.8012,6340.6004,3170.3002,72281.19000000002,20542.798200000012,0.12959528690689928
2025-02-24,390598.75,214386.37,41085.62,46871.85,15623.95,7811.975,176212.38,64818.98500000001,0.16594775328902103
2025-02-25,333822.33,184271.03,33306.67,40058.6796,13352.8932,6676.4466,149551.30000000002,56156.610600000015,0.16822305026748813
2025-02-26,311182.32,165177.92,32299.910000000003,37341.8784,12447.292800000001,6223.6464000000005,146004.4,57691.67239999999,0.18539508414231243
2025-02-27,317089.86,168395.54,32271.27,38050.7832,12683.5944,6341.7972,148694.31999999998,59346.87519999998,0.18716106279778225
2025-02-28,375798.46,207162.73,31048.41,45095.8152,15031.938400000001,7515.9692000000005,168635.73,69943.5972,0.18611996760178315
2025-03-01,216752.42,117841.19,33712.34,26010.2904,8670.096800000001,4335.048400000001,98911.23000000001,26183.454400000017,0.12079890226831154
2025-03-02,251377.38,135779.16,33623.16,30165.2856,10055.0952,5027.5476,115598.22,36727.1316,0.14610356588170342
2025-03-03,355271.13,190390.94,32684.04,42632.535599999996,14210.8452,7105.4226,164880.19,68247.34659999999,0.19209933157248096
2025-03-04,284458.22,154170.54,35003.979999999996,34134.986399999994,11378.3288,5689.1644,130287.67999999996,44081.22039999997,0.1549655355362906
2025-03-05,456935.61,252601.6,33512.18,54832.273199999996,18277.4244,9138.7122,204334.00999999998,88573.4202,0.19384223567079834
2025-03-06,339662.91,183941.89,30073.059999999998,40759.549199999994,13586.516399999999,6793.258199999999,155721.01999999996,64508.63619999998,0.1899195770300619
2025-03-07,245580.15,132007.73,28447.2,29469.618,9823.206,4911.603,113572.41999999998,40920.79299999998,0.16662907405179117
2025-03-08,255020.33,136239.12,31469.11,30602.439599999998,10200.8132,5100.4066,118781.20999999999,41408.44059999999,0.1623730962939307
2025-03-09,191150.91,106313.01,14503.42,22938.1092,7646.0364,3823.0182,84837.90000000001,35927.316200000016,0.18795262967882295
2025-03-10,325923.55,174959.79,15418.57,39110.825999999994,13036.942,6518.471,150963.75999999998,76878.95099999997,0.23588031917300845
2025-03-11,425841.35,227819.56,14363.18,51100.96199999999,17033.654,8516.827,198021.78999999998,107007.16699999999,0.2512841155514841
2025-03-12,321021.86,169021.18,15177.95,38522.623199999995,12840.8744,6420.4372,152000.68,79038.79519999998,0.24621000949904154
2025-03-13,337865.6,178382.29,13409.21,40543.871999999996,13514.624,6757.312,159483.30999999997,85258.29199999997,0.2523438077152571
2025-03-14,343521.54,185361.98,14705.81,41222.5848,13740.8616,6870.4308,158159.55999999997,81619.87279999997,0.2375975398806141
2025-03-15,219935.46,119656.5,14295.29,26392.2552,8797.4184,4398.7092,100278.95999999999,46395.287199999984,0.21094955401916538
2025-03-16,179079.72,98369.48,13581.15,21489.5664,7163.1888,3581.5944,80710.24,34894.74040000001,0.19485590216468962
2025-03-17,339711.73,178730.36,13848.37,40765.4076,13588.4692,6794.2346,160981.37,85984.8886,0.2531113323640606
2025-03-18,297243.01,161101.37,14656.09,35669.1612,11889.7204,5944.8602,136141.64,67981.80820000001,0.22870784480348255
2025-03-19,275562.14,151522.82,13715.34,33067.4568,11022.4856,5511.2428,124039.32,60722.79480000001,0.22035971559808618
2025-03-20,309837.15,162663.94,13145.89,37180.458,12393.486,6196.743,147173.21000000002,78256.633,0.25257343414112865
2025-03-21,353975.93,193412.55,12922.26,42477.1116,14159.0372,7079.5186,160563.38,83925.45259999999,0.23709367074761267
2025-03-22,170646.75,88587.69,14672.19,20477.61,6825.87,3412.935,82059.06,36670.454999999994,0.2148910248803449
2025-03-23,250999.43,138222.2,13176.98,30119.931599999996,10039.9772,5019.9886,112777.22999999998,54420.35259999999,0.21681464615278206
2025-03-24,396420.93,223138.01,14299.82,47570.5116,15856.8372,7928.4186,173282.91999999998,87627.33259999998,0.22104618088656414
2025-03-25,300691.6,158202.27,14124.14,36082.992,12027.663999999999,6013.831999999999,142489.33,74240.70199999999,0.2468998202809789
2025-03-26,417975.84,219241.16,15032.82,50157.1008,16719.033600000002,8359.516800000001,198734.68000000002,108466.20880000004,0.2595035368551446
2025-03-27,324661.33,175180.33,0.0,38959.3596,12986.453200000002,6493.226600000001,149481.00000000003,91041.96060000003,0.2804213258166596
2025-03-28,327808.15,175252.36,0.0,39336.978,13112.326000000001,6556.1630000000005,152555.79000000004,93550.32300000003,0.2853813213612902
2025-03-29,187087.64,100238.69,0.0,22450.5168,7483.5056,3741.7528,86848.95000000001,53173.17480000001,0.2842153271055213
2025-03-30,188314.34,99058.2,0.0,22597.7208,7532.5736,3766.2868,89256.14,55359.5588,0.29397420716871586
2025-03-31,237540.42,124692.76,0.0,28504.8504,9501.616800000002,4750.808400000001,112847.66000000002,70090.38440000002,0.29506719067011844
2025-04-01,375948.67,200614.68,0.0,45113.840399999994,15037.9468,7518.9734,175333.99,107663.2294,0.2863774711584962
2025-04-02,372380.97,199774.28,0.0,44685.7164,14895.2388,7447.6194,172606.68999999997,105578.11539999998,0.2835217798589439
2025-04-03,401976.56,211479.71,41783.83,48237.1872,16079.0624,8039.5312,190496.85,76357.23920000003,0.18995445704595318
2025-04-04,405858.32,216628.99,34795.8,48702.9984,16234.3328,8117.1664,189229.33000000002,81379.03240000003,0.2005109379056219
2025-04-05,200502.81,106941.05,38421.46,24060.337199999998,8020.1124,4010.0562,93561.76,19049.794199999997,0.09501011083086565
2025-04-06,214743.86,116835.7,37802.45,25769.263199999998,8589.7544,4294.8772,97908.15999999999,21451.815199999994,0.0998948943173509
2025-04-07,351801.25,188042.74,41763.64,42216.15,14072.050000000001,7036.025000000001,163758.51,58670.645,0.16677213341339747
2025-04-08,296737.82,161236.53,40122.71,35608.5384,11869.5128,5934.7564,135501.29,41965.772400000016,0.14142374032403424
2025-04-09,284202.05,151849.98,38078.17,34104.246,11368.082,5684.041,132352.06999999998,43117.53099999998,0.15171435603648878
2025-04-10,254222.33,136677.85,38511.89,30506.679599999996,10168.8932,5084.4466,117544.47999999998,33272.570599999985,0.130879811383996
2025-04-11,395021.27,216580.13999999998,58221.91,47402.5524,15800.850800000002,7900.425400000001,178441.13000000003,49115.39140000003,0.12433606777680611
2025-04-12,230957.64,127211.88,64646.97,27714.9168,9238.305600000002,4619.152800000001,103745.76000000001,-2473.585199999993,-0.01071012502552413
2025-04-13,188538.2,99307.41,27703.75,22624.584,7541.528,3770.764,89230.79000000001,27590.164000000008,0.14633726215695284
2025-04-14,410940.85,215626.44,29565.23,49312.901999999995,16437.634,8218.817,195314.40999999997,91779.82699999998,0.22334072409691075
2025-04-15,443377.7,238062.43,29353.44,53205.324,17735.108,8867.554,205315.27000000002,96153.84400000001,0.21686666695235238
2025-04-16,365264.36,194709.99,28836.79,43831.72319999999,14610.5744,7305.2872,170554.37,75969.99519999999,0.20798633406226655
2025-04-17,302172.44,172026.4,26897.300000000003,36260.6928,12086.8976,6043.4488,130146.04000000001,48857.700800000006,0.16168814336608595
2025-04-18,474544.16,257837.9,29207.79,56945.299199999994,18981.7664,9490.8832,216706.25999999998,102080.52119999997,0.21511279624640198
2025-04-19,247533.15,137870.06,30470.1,29703.978,9901.326,4950.663,109663.09,34637.02299999999,0.13992882569465942
2025-04-20,149434.52,79145.62,27711.18,17932.142399999997,5977.3808,2988.6904,70288.9,15679.506399999998,0.10492559818173204
2025-04-21,319714.79,170434.52,42510.57,38365.7748,12788.5916,6394.2958,149280.27,49221.037799999984,0.15395295851030222
2025-04-22,294616.74,158781.95,41085.42,35354.008799999996,11784.6696,5892.3348,135834.78999999998,41718.35679999999,0.14160212620640628
2025-04-23,433940.89,234168.84,78251.01,52072.9068,17357.6356,8678.8178,199772.05000000002,43411.67980000003,0.10004053731834311
2025-04-24,377367.55,205533.9,78333.33,45284.106,15094.702,7547.351,171833.65,25574.160999999996,0.06776989966413381
2025-04-25,344973.9,189093.47,78576.73,41396.868,13798.956000000002,6899.478000000001,155880.43000000002,15208.398000000021,0.044085648218604424
2025-04-26,325732.87,182032.13999999998,76163.84,39087.9444,13029.3148,6514.6574,143700.73,8904.973400000013,0.02733827077383997
2025-04-27,209880.89,117374.68,70274.34999999999,25185.7068,8395.2356,4197.6178,92506.21000000002,-15546.70019999997,-0.07407391973609398
2025-04-28,313000.63,172551.13999999998,64677.79,37560.0756,12520.0252,6260.0126,140449.49000000002,19431.586600000017,0.062081621369260556
2025-04-29,338752.95,179625.69,46808.369999999995,40650.354,13550.118,6775.059,159127.26,51343.35900000002,0.1515657915303764
2025-04-30,340906.71,183634.88999999998,52819.03,40908.8052,13636.2684,6818.1342,157271.82000000004,43089.58220000003,0.1263969905432487
2025-05-01,276342.0,150934.91,51765.479999999996,33161.04,11053.68,5526.84,125407.09,23900.05,0.08648721511749932
2025-05-02,417237.92,222867.7,51723.44,50068.55039999999,16689.5168,8344.7584,194370.21999999997,67543.95439999997,0.16188354692210136
2025-05-03,204016.16999999998,112675.39,49263.28999999999,24481.940399999996,8160.6467999999995,4080.3233999999998,91340.77999999998,5354.579399999997,0.0262458578650898
2025-05-04,225314.54,120108.33,51746.3,27037.7448,9012.581600000001,4506.290800000001,105206.21,12903.292800000001,0.05726791000705059
2025-05-05,377772.26,201713.91,53205.24,45332.6712,15110.8904,7555.4452,176058.35,54854.10320000001,0.14520415871721234
2025-05-06,382614.27,205523.44,36588.44,45913.712400000004,15304.570800000001,7652.285400000001,177090.83000000002,71631.82140000002,0.18721680558333595
2025-05-07,425636.24,221694.02,35767.75,51076.3488,17025.4496,8512.7248,203942.22,91559.9468,0.21511313698288476
2025-05-08,394237.02,211071.28,39423.92,47308.4424,15769.480800000001,7884.740400000001,183165.74000000002,72779.1564,0.18460761599709738
2025-05-09,384115.34,200361.99,47011.45,46093.8408,15364.6136,7682.3068,183753.35000000003,67601.13880000002,0.17599177059682128
2025-05-10,222611.0,117157.22,47052.5,26713.32,8904.44,4452.22,105453.78,18331.299999999996,0.08234678430086562
2025-05-11,279358.95,160332.22,47878.52,33523.074,11174.358,5587.179,119026.73000000001,20863.59900000002,0.0746838395548094
2025-05-12,426271.92,227940.04,34755.159999999996,51152.630399999995,17050.8768,8525.4384,198331.87999999998,86847.77439999998,0.20373796707040892
2025-05-13,473855.62,250418.13,11949.85,56862.674399999996,18954.2248,9477.1124,223437.49,126193.6284,0.26631240207724033
2025-05-14,367860.22000000003,193536.26,12429.01,44143.2264,14714.408800000001,7357.2044000000005,174323.96000000002,95680.1104,0.2600990952487333
2025-05-15,290899.27,160007.55,12519.890000000001,34907.9124,11635.970800000001,5817.9854000000005,130891.72000000003,66009.96140000003,0.22691690288531843
2025-05-16,350767.71,189156.24,12169.880000000001,42092.1252,14030.708400000001,7015.354200000001,161611.47000000003,86303.40220000001,0.24604146772803007
2025-05-17,247251.02,133550.66,11746.64,29670.122399999997,9890.0408,4945.0204,113700.35999999999,57448.53639999999,0.23234903702318394
2025-05-18,194542.04,104409.02,11075.640000000001,23345.0448,7781.681600000001,3890.8408000000004,90133.02,44039.8128,0.2263768427636515
2025-05-19,446034.19,240056.32,11892.96,53524.1028,17841.3676,8920.6838,205977.87,113798.75580000001,0.25513460257385207
2025-05-20,439082.09,237448.2,8981.91,52689.8508,17563.283600000002,8781.641800000001,201633.89,113617.20380000003,0.2587607337844275
2025-05-21,361365.67,202558.56,8884.96,43363.880399999995,14454.6268,7227.3134,158807.11,84876.3294,0.23487657087071942
2025-05-22,396467.25,211130.33,8099.87,47576.07,15858.69,7929.345,185336.92,105872.945,0.26704083376369675
2025-05-23,456870.12,246291.32,8303.05,54824.414399999994,18274.8048,9137.4024,210578.8,120039.12839999999,0.26274234874454033
2025-05-24,250987.04,133121.24,8444.81,30118.4448,10039.481600000001,5019.7408000000005,117865.80000000002,64243.32280000002,0.25596270946898303
2025-05-25,269124.48,144586.44999999998,8517.5,32294.937599999997,10764.9792,5382.4896,124538.03,67578.12359999999,0.2511035919140466
2025-05-26,332646.48,182954.41,9049.38,39917.5776,13305.859199999999,6652.9295999999995,149692.06999999998,80766.32359999997,0.24279927327053025
2025-05-27,505219.89,273212.73,9766.52,60626.3868,20208.7956,10104.3978,232007.16000000003,131301.05980000002,0.2598889362807945
2025-05-28,444274.18,234361.13,8336.67,53312.9016,17770.9672,8885.4836,209913.05,121607.02759999997,0.27372067312126935
2025-05-29,400775.75,214934.67,9745.13,48093.09,16031.03,8015.515,185841.08,103956.31499999999,0.25938773740676674
2025-05-30,394914.11,209404.67,9448.21,47389.693199999994,15796.5644,7898.2822,185509.43999999997,104976.69019999998,0.26582157370877424
2025-05-31,298823.1,161961.27,0.0,35858.772,11952.923999999999,5976.4619999999995,136861.83,83073.67199999999,0.2780028451615688
2025-06-01,271983.59,147681.02,0.0,32638.0308,10879.343600000002,5439.671800000001,124302.57000000004,75345.52380000002,0.27702231520659026
2025-06-02,430817.26,234987.75,25006.86,51698.0712,17232.6904,8616.3452,195829.51,93275.54320000003,0.21650837108986773
2025-06-03,390275.12,209514.55,28277.68,46833.0144,15611.0048,7805.5024,180760.57,82233.36840000002,0.2107061510864439
2025-06-04,345682.01,185070.74,29597.01,41481.8412,13827.280400000001,6913.640200000001,160611.27000000002,68791.49820000002,0.19900225123083498
2025-06-05,288463.62,161300.38,26653.03,34615.634399999995,11538.5448,5769.2724,127163.23999999999,48586.75839999999,0.16843288037500184
2025-06-06,400930.86,212457.06,28469.68,48111.703199999996,16037.2344,8018.6172,188473.8,87836.56520000001,0.21908157730736919
2025-06-07,260049.55,144635.05,42969.35,31205.945999999996,10401.982,5200.991,115414.5,25636.231,0.09858210098806171
2025-06-08,241583.24,132365.86,38955.39,28989.9888,9663.3296,4831.6648,109217.38,26777.00680000001,0.11083967083146998
2025-06-09,366526.13,195535.57,39456.09,43983.1356,14661.0452,7330.5226,170990.56,65559.7666,0.17886792027624335
2025-06-10,450733.89,247023.27,37198.74,54088.0668,18029.355600000003,9014.677800000001,203710.62000000002,85379.77980000002,0.18942391884488655
2025-06-11,414488.45,229177.84,40613.43,49738.614,16579.538,8289.769,185310.61000000002,70089.25900000002,0.16909821974532707
2025-06-12,407875.6,218916.58,37721.18,48945.07199999999,16315.024,8157.512,188959.02,77820.232,0.19079403622084776
2025-06-13,366663.05,197134.29,39214.130000000005,43999.566,14666.521999999999,7333.2609999999995,169528.75999999998,64315.28099999999,0.1754070419694594
2025-06-14,286108.52,160054.54,43378.86,34333.0224,11444.340800000002,5722.170400000001,126053.98000000001,31175.5864,0.10896420141560272
2025-06-15,293937.65,159188.8,14058.5,35272.518000000004,11757.506000000001,5878.753000000001,134748.85000000003,67781.57300000003,0.23059847215897666
2025-06-16,437540.38,235430.25,13662.85,52504.8456,17501.6152,8750.8076,202110.13,109690.0116,0.25069688790780864
2025-06-17,387576.44,212454.31,11836.03,46509.1728,15503.0576,7751.5288,175122.13,93522.3408,0.24130037625610062
2025-06-18,299825.58,157081.48,11785.76,35979.0696,11993.023200000001,5996.511600000001,142744.1,76989.73560000001,0.25678174490648864
2025-06-19,425218.37,225554.02,13031.13,51026.204399999995,17008.7348,8504.3674,199664.35,110093.9134,0.25891147035815976
2025-06-20,470732.79,251537.8,13736.75,56487.934799999995,18829.3116,9414.6558,219194.99,120726.33780000001,0.25646468732292904
2025-06-21,297198.89,165541.54,11959.24,35663.8668,11887.955600000001,5943.977800000001,131657.35,66202.30979999999,0.22275422966754682
2025-06-22,269827.28,143302.42,0.0,32379.2736,10793.0912,5396.5456,126524.86000000002,77955.94960000002,0.28891055641223534
2025-06-23,481830.17,258266.65,0.0,57819.62039999999,19273.2068,9636.6034,223563.52,136834.08940000003,0.28398821393853363
2025-06-24,353402.25,193318.4,0.0,42408.27,14136.09,7068.045,160083.85,96471.44500000002,0.2729791476992578
2025-06-25,520988.78,277646.45,0.0,62518.6536,20839.5512,10419.7756,243342.33000000002,149564.34960000002,0.2870778706597098
2025-06-26,409310.82,225235.84,0.0,49117.2984,16372.4328,8186.2164,184074.98,110399.03240000001,0.26971931110934233
2025-06-27,468499.31,264957.52999999997,0.0,56219.917199999996,18739.9724,9369.9862,203541.78000000003,119211.90420000003,0.2544548127509516
2025-06-28,257003.66,140452.99,23234.99,30840.4392,10280.1464,5140.0732,116550.67000000001,47055.02120000001,0.183090860262457
2025-06-29,238020.31,129253.97,24713.91,28562.4372,9520.8124,4760.4062,108766.34,41208.77419999999,0.17313133572508999
2025-06-30,449327.55,240217.72,23378.62,53919.306,17973.102,8986.551,209109.83,104852.25099999999,0.23335371045020495
2025-07-01,426445.31,234929.53,20673.24,51173.4372,17057.8124,8528.9062,191515.78,94082.38420000001,0.2206200466831257
2025-07-02,412473.13,220983.67,23577.88,49496.7756,16498.9252,8249.4626,191489.46,93666.4166,0.227084893020789
2025-07-03,407648.38,223813.03,21579.07,48917.8056,16305.9352,8152.9676,183835.35,88879.5716,0.21802998849155245
2025-07-04,385496.84,205978.74,22284.69,46259.620800000004,15419.8736,7709.9368,179518.10000000003,87843.97880000003,0.2278721112214565
2025-07-05,274701.52999999997,149386.26,23455.96,32964.1836,10988.061199999998,5494.030599999999,125315.26999999996,52413.034599999984,0.19079993693518923
2025-07-06,226742.61,122485.54,24234.15,27209.113199999996,9069.7044,4534.8522,104257.06999999999,39209.25019999999,0.17292404899105637
2025-07-07,543697.43,282900.23,21067.16,65243.691600000006,21747.897200000003,10873.948600000002,260797.20000000007,141864.50260000007,0.2609254610602078
2025-07-08,355457.44,193152.97999999998,21351.73,42654.8928,14218.2976,7109.1488,162304.46000000002,76970.39080000001,0.21653897805599456
2025-07-09,502136.9,278008.2,24486.65,60256.428,20085.476000000002,10042.738000000001,224128.7,109257.40800000004,0.21758490164733968
2025-07-10,441073.78,238281.24,24719.11,52928.8536,17642.951200000003,8821.475600000002,202792.54000000004,98680.14960000003,0.2237270816687404
2025-07-11,455381.61,250715.26,34746.49,54645.79319999999,18215.2644,9107.6322,204666.34999999998,87951.1702,0.19313729028275867
2025-07-12,168702.63,89581.53,34968.04,20244.315599999998,6748.1052,3374.0526,79121.1,13786.586600000006,0.08172123102052413
2025-07-13,217337.11,115576.25,36531.55,26080.453199999996,8693.4844,4346.7422,101760.85999999999,26108.630199999985,0.12012964652009953
2025-07-14,339198.9,180775.07,35114.87,40703.868,13567.956000000002,6783.978000000001,158423.83000000002,62253.15800000001,0.18352995248510537
2025-07-15,417588.0,218868.95,36046.99,50110.56,16703.52,8351.76,198719.05,87506.22,0.20955156757378085
2025-07-16,421355.34,227846.35,35618.03,50562.6408,16854.213600000003,8427.106800000001,193508.99000000002,82046.99880000003,0.19472163044142274
2025-07-17,409301.23,220793.16999999998,11343.24,49116.1476,16372.0492,8186.0246,188508.06,103490.59860000001,0.25284702564905565
2025-07-18,466551.02,247423.5,11498.38,55986.1224,18662.040800000002,9331.020400000001,219127.52000000002,123649.9564,0.26502987047375864
2025-07-19,338866.2,177668.27,11747.05,40663.944,13554.648000000001,6777.3240000000005,161197.93000000002,88454.96400000004,0.2610321241835274
2025-07-20,287427.83,159113.61,10922.74,34491.3396,11497.113200000002,5748.556600000001,128314.22000000003,65654.47060000003,0.2284207155584065
2025-07-21,460373.92,245640.32,11159.58,55244.87039999999,18414.9568,9207.4784,214733.59999999998,120706.7144,0.2621927723447062
2025-07-22,509918.62,279463.76,37562.34,61190.234399999994,20396.7448,10198.3724,230454.86,101107.1684,0.1982809892292225
2025-07-23,400219.33,217168.96,36685.41,48026.3196,16008.773200000001,8004.386600000001,183050.37000000002,74325.48060000002,0.18571187103831296
2025-07-24,410039.02,222340.41999999998,39289.11,49204.6824,16401.5608,8200.7804,187698.60000000003,74602.46640000005,0.18193991976666038
2025-07-25,452560.38,248827.88999999998,37432.46,54307.2456,18102.4152,9051.2076,203732.49000000002,84839.16160000004,0.18746484524341267
2025-07-26,314807.07,170148.87,46873.58,37776.8484,12592.2828,6296.1414,144658.2,41119.347400000006,0.13061761097042707
2025-07-27,257258.64,139776.68,46607.45,30871.0368,10290.3456,5145.1728,117481.96000000002,24567.95480000002,0.09549904640714893
2025-07-28,396055.06,215285.55,45316.89,47526.6072,15842.2024,7921.1012,180769.51,64162.709200000005,0.1620045182606681
2025-07-29,416326.58,217675.54,46738.729999999996,49959.1896,16653.0632,8326.5316,198651.04,76973.5256,0.18488736798885141
2025-07-30,420764.96,223685.6,49318.19,50491.7952,16830.598400000003,8415.299200000001,197079.36000000002,72023.47720000002,0.17117270696685394
2025-07-31,436560.11,236761.1,46776.97,52387.2132,17462.4044,8731.2022,199799.00999999998,74441.22019999998,0.17051768701450984
2025-08-01,449015.09,245532.07,46263.66,53881.8108,17960.603600000002,8980.301800000001,203483.02000000002,76396.6438,0.17014270901229622
2025-08-02,294654.01,161449.0,21943.190000000002,35358.4812,11786.1604,5893.0802,133205.01,58224.09819999999,0.1976015809185831
2025-08-03,300970.46,159715.55,22411.239999999998,36116.455200000004,12038.818400000002,6019.409200000001,141254.91000000003,64668.98720000004,0.21486822062205052
2025-08-04,428218.35,228295.91,14012.17,51386.202,17128.734,8564.367,199922.43999999997,108830.96699999998,0.254148303079492
2025-08-05,513442.92,271451.36,15928.73,61613.1504,20537.7168,10268.8584,241991.56,133643.10439999998,0.26028814342205747
2025-08-06,462050.51,252228.86,14820.4,55446.0612,18482.0204,9241.0102,209821.65000000002,111832.15820000002,0.2420344870953611
2025-08-07,407188.92,215988.03,15560.48,48862.670399999995,16287.5568,8143.7784,191200.88999999998,102346.40439999997,0.25134869681620997
2025-08-08,294752.74,159942.87,15934.89,35370.328799999996,11790.1096,5895.0548,134809.87,65819.4868,0.223304071066481
2025-08-09,385748.53,203826.1,15547.67,46289.8236,15429.941200000001,7714.970600000001,181922.43000000002,96940.0246,0.25130367859081665
2025-08-10,296680.19,158902.78,14681.36,35601.6228,11867.2076,5933.6038,137777.41,69693.61580000001,0.23491159217607355
2025-08-11,351866.82,193469.66999999998,15732.0,42224.0184,14074.6728,7037.3364,158397.15000000002,79329.12240000002,0.2254521253240076
2025-08-12,416029.68,220866.4,16941.08,49923.5616,16641.1872,8320.5936,195163.28,103336.85760000002,0.24838818615056507
2025-08-13,470834.58,259587.22,14378.3,56500.1496,18833.3832,9416.6916,211247.36000000002,112118.83560000002,0.23812786987735696
2025-08-14,459077.62,246746.97,14811.42,55089.314399999996,18363.1048,9181.5524,212330.65,114885.25839999998,0.25025236124557754
2025-08-15,406759.05,224591.87,14149.04,48811.085999999996,16270.362,8135.181,182167.18,94801.511,0.23306552368041966
2025-08-16,209967.41,111225.99,0.0,25196.0892,8398.6964,4199.3482,98741.42,60947.286199999995,0.29027021955454896
2025-08-17,237060.69,128083.52,0.0,28447.2828,9482.4276,4741.2138,108977.17,66306.2458,0.2797015641859475
2025-08-18,482676.3,253095.19,0.0,57921.155999999995,19307.052,9653.526,229581.11,142699.376,0.29564197786383956
2025-08-19,515521.67,273625.54,0.0,61862.600399999996,20620.8668,10310.4334,241896.13,149102.2294,0.2892259202217436
2025-08-20,491490.85,267054.27,0.0,58978.901999999995,19659.634,9829.817,224436.57999999996,135968.22699999996,0.2766444726285341
2025-08-21,483300.84,270158.06,0.0,57996.1008,19332.033600000002,9666.016800000001,213142.78000000003,126148.62880000002,0.26101471042342905
2025-08-22,454415.46,245068.12,0.0,54529.8552,18176.618400000003,9088.309200000002,209347.34000000003,127552.55720000002,0.2806959014994781
2025-08-23,305845.51,167432.19,0.0,36701.4612,12233.8204,6116.9102,138413.32,83361.12820000002,0.2725595945482411
2025-08-24,275525.13,153732.72,0.0,33063.0156,11021.0052,5510.5026,121792.41,72197.8866,0.26203739237869156
2025-08-25,444729.58,236283.79,0.0,53367.5496,17789.1832,8894.5916,208445.79,128394.46560000001,0.28870232917720473
2025-08-26,465036.4,248075.1,0.0,55804.368,18601.456000000002,9300.728000000001,216961.30000000002,133254.74800000002,0.286546919768001
2025-08-27,420713.97,235298.79,36032.81,50485.6764,16828.5588,8414.2794,185415.17999999996,73653.85539999997,0.17506871806515
2025-08-28,559169.85,293817.6,33349.87,67100.382,22366.793999999998,11183.396999999999,265352.25,131351.80700000003,0.23490502393861193
2025-08-29,470656.87,254588.46,34191.13,56478.8244,18826.2748,9413.1374,216068.41,97159.0434,0.20643285925051938
2025-08-30,270540.85,145950.2,37074.0,32464.901999999995,10821.634,5410.817,124590.64999999997,38819.29699999997,0.14348774685967008
2025-08-31,316152.5,169224.81,36304.83,37938.299999999996,12646.1,6323.05,146927.69,53715.409999999996,0.1699034801243071
2025-09-01,559949.75,304945.97,36364.52,67193.97,22397.99,11198.995,255003.78000000003,117848.30500000004,0.21046228701771907
2025-09-02,546379.5,300641.74,32804.01,65565.54,21855.18,10927.59,245737.76,114585.44000000003,0.20971767791434348
2025-09-03,553281.51,290618.19,37552.12,66393.7812,22131.2604,11065.6302,262663.32,125520.52820000002,0.2268655755367643
2025-09-04,445717.37,251821.97999999998,48298.31,53486.0844,17828.6948,8914.3474,193895.39,65367.95340000003,0.14665785495413838
2025-09-05,376647.99,207989.7,54881.0,45197.758799999996,15065.9196,7532.9598,168658.28999999998,45980.651799999985,0.12207858005561104
2025-09-06,226078.89,121126.0,52866.02,27129.466800000002,9043.1556,4521.5778,104952.89000000001,11392.669800000014,0.05039245282918725
2025-09-07,278579.32,148130.36,52856.55,33429.5184,11143.1728,5571.5864,130448.96000000002,27448.132400000017,0.09852896618456825
2025-09-08,541059.42,289382.26,17968.66,64927.1304,21642.376800000002,10821.188400000001,251677.16000000003,136317.80440000002,0.25194608828730863
2025-09-09,437890.98,234516.71,17390.07,52546.91759999999,17515.6392,8757.8196,203374.27,107163.82359999999,0.24472717752715525
2025-09-10,524491.54,287842.96,42515.46000000001,62938.984800000006,20979.661600000003,10489.830800000002,236648.58000000002,99724.64279999999,0.19013584623309648
2025-09-11,526346.95,284942.12,40250.149999999994,63161.63399999999,21053.877999999997,10526.938999999998,241404.82999999996,106412.22899999998,0.20217126555022308
2025-09-12,395757.95,214044.9,43390.36,47490.954,15830.318000000001,7915.159000000001,181713.05000000002,67086.259,0.16951335784916008
2025-09-13,342895.54,191583.33,42810.06,41147.464799999994,13715.8216,6857.9108,151312.21,46780.952800000014,0.1364291667369019
2025-09-14,286455.82,155803.35,35409.7,34374.6984,11458.2328,5729.1164,130652.47,43680.722400000006,0.1524867688148211
2025-09-15,506943.9,269381.62,36127.88,60833.268000000004,20277.756,10138.878,237562.28000000003,110184.49800000002,0.2173504760585935
2025-09-16,509906.96,274673.23,34081.770000000004,61188.8352,20396.278400000003,10198.139200000001,235233.73000000004,109368.7072,0.21448757475285296
2025-09-17,453694.45,248453.37,34550.490000000005,54443.334,18147.778000000002,9073.889000000001,205241.08000000002,89025.58900000002,0.19622366771292887
2025-09-18,487268.95,269459.4,34889.94,58472.274,19490.758,9745.379,217809.55,95211.19899999998,0.1953976320469424
2025-09-19,537225.21,287124.1,35002.020000000004,64467.0252,21489.0084,10744.5042,250101.11,118398.55219999998,0.22038904726753233
2025-09-20,401853.06,213827.52,35235.27,48222.3672,16074.1224,8037.0612,188025.54,80456.71920000002,0.20021427533735844
2025-09-21,267189.73,147990.0,35548.44,32062.767599999996,10687.5892,5343.7946,119199.72999999998,35557.138599999984,0.13307823844876068
2025-09-22,522181.23,282230.41,62127.14,62661.747599999995,20887.2492,10443.6246,239950.82,83831.0586,0.16054016074074515
2025-09-23,418224.81,228196.1,63965.240000000005,50186.9772,16728.9924,8364.4962,190028.71,50783.004199999974,0.12142513544330374
2025-09-24,593789.46,320703.15,61958.6,71254.7352,23751.5784,11875.7892,273086.30999999994,104245.60719999994,0.1755598814435001
2025-09-25,480065.31,265477.74,61398.47,57607.837199999994,19202.6124,9601.3062,214587.57,66777.3442,0.1391005407160122
2025-09-26,480199.51,260867.63,68071.79000000001,57623.9412,19207.9804,9603.9902,219331.88,64824.178199999995,0.13499426144770535
2025-09-27,352863.7,187780.83,64053.490000000005,42343.644,14114.548,7057.274,165082.87000000002,37513.91400000002,0.1063127604227922
2025-09-28,288457.07,148327.8,37347.46,34614.8484,11538.2828,5769.1414,140129.27000000002,50859.53740000002,0.17631579423586333
2025-09-29,539965.42,289540.91,38450.18,64795.8504,21598.616800000003,10799.308400000002,250424.51000000007,114780.55440000008,0.21257019458764614
2025-09-30,419434.6,232134.05,39702.41,50332.151999999995,16777.384,8388.692,187300.55,72099.912,0.17189786441080446
2025-10-01,653235.35,355284.12,35067.27,78388.242,26129.414,13064.707,297951.23,145301.59699999998,0.2224337629615421
2025-10-02,540239.81,291942.88,37411.69,64828.777200000004,21609.5924,10804.7962,248296.93000000005,113642.07420000005,0.2103548685166316
2025-10-03,576699.77,314042.52999999997,39088.119999999995,69203.9724,23067.9908,11533.9954,262657.24000000005,119763.16140000006,0.2076698615641897
2025-10-04,244874.06,131471.72,40766.869999999995,29384.887199999997,9794.9624,4897.4812,113402.34,28558.139199999998,0.11662378285392908
2025-10-05,329355.83,176187.79,10267.3,39522.6996,13174.2332,6587.1166,153168.04,83616.69060000003,0.2538794913695623
2025-10-06,485294.07,259589.65,0.0,58235.2884,19411.7628,9705.8814,225704.42,138351.4874,0.2850879414207555
2025-10-07,582238.35,315187.83999999997,0.0,69868.602,23289.534,11644.767,267050.51,162247.60700000002,0.27866183496844554
2025-10-08,606736.94,327381.6,0.0,72808.4328,24269.4776,12134.7388,279355.33999999997,170142.69079999998,0.28042250204841657
2025-10-09,543100.2,289134.04,0.0,65172.02399999999,21724.007999999998,10862.003999999999,253966.15999999997,156208.124,0.28762302794217354
2025-10-10,580759.18,318391.46,0.0,69691.10160000001,23230.367200000004,11615.183600000002,262367.72000000003,157831.06760000004,0.2717668063378697
2025-10-11,296626.67,164078.93,0.0,35595.200399999994,11865.066799999999,5932.533399999999,132547.74,79154.93939999999,0.2668503793000137
2025-10-12,265218.55,143764.67,0.0,31826.226,10608.742,5304.371,121453.87999999998,73714.54099999998,0.277938858349086
2025-10-13,574763.84,306043.88,0.0,68971.6608,22990.5536,11495.2768,268719.95999999996,165262.46879999997,0.2875310819831672
2025-10-14,535569.12,290143.33,11506.3,64268.2944,21422.7648,10711.3824,245425.78999999998,137517.04839999997,0.2567680683307506
2025-10-15,512119.87,282396.7,10599.21,61454.384399999995,20484.7948,10242.3974,229723.16999999998,126942.38339999998,0.24787630950542883
2025-10-16,532936.06,287777.54,12831.95,63952.32720000001,21317.442400000004,10658.721200000002,245158.52000000008,136398.07920000007,0.2559370428039717
2025-10-17,499208.64,267461.84,12567.66,59905.0368,19968.3456,9984.1728,231746.8,129321.58479999998,0.2590531782462739
2025-10-18,363731.77,195032.11,10987.88,43647.8124,14549.2708,7274.6354,168699.66000000003,92240.06140000004,0.25359363412219954
2025-10-19,282936.39,153090.24,12872.5,33952.3668,11317.455600000001,5658.727800000001,129846.15000000002,66045.09980000003,0.233427378500164
2025-10-20,560896.53,293787.22,12521.22,67307.5836,22435.861200000003,11217.930600000002,267109.31000000006,153626.71460000006,0.273894927822071
2025-10-21,494204.84,271468.76,44148.67,59304.5808,19768.193600000002,9884.096800000001,222736.08000000002,89630.53880000004,0.18136313436347576
2025-10-22,464354.91,253691.76,45425.78,55722.589199999995,18574.1964,9287.0982,210663.14999999997,81653.48619999998,0.17584284012416276
2025-10-23,617628.23,329738.13,45688.64,74115.3876,24705.1292,12352.5646,287890.1,131028.37859999995,0.21214765167064975
2025-10-24,412770.85,228360.37,44057.479999999996,49532.50199999999,16510.834,8255.417,184410.47999999998,66054.247,0.16002643355266005
2025-10-25,295656.73,161749.48,46683.84,35478.80759999999,11826.269199999999,5913.134599999999,133907.24999999997,34005.19859999998,0.11501581107252314
2025-10-26,335686.39,178765.88999999998,44818.79,40282.3668,13427.455600000001,6713.727800000001,156920.50000000003,51678.159800000016,0.15394773615933613
2025-10-27,630272.58,336999.07,41964.04,75632.70959999999,25210.9032,12605.4516,293273.50999999995,137860.40559999997,0.21873140284795506
2025-10-28,545362.59,295127.21,44045.520000000004,65443.5108,21814.5036,10907.2518,250235.37999999995,108024.59379999994,0.19807848169416967
2025-10-29,536391.19,295974.56,12047.86,64366.94279999999,21455.647599999997,10727.823799999998,240416.62999999995,131818.35579999996,0.24575041174706835
2025-10-30,552290.75,297907.19,11889.69,66274.89,22091.63,11045.815,254383.56,143081.53499999997,0.2590692221443143
2025-10-31,498006.97,272664.37,0.0,59760.83639999999,19920.2788,9960.1394,225342.59999999998,135701.3454,0.2724888476962481
2025-11-01,325962.27,176622.94,0.0,39115.4724,13038.490800000001,6519.245400000001,149339.33000000002,90666.12140000002,0.2781491287319849
2025-11-02,390140.96,202460.83,0.0,46816.9152,15605.638400000002,7802.819200000001,187680.13000000003,117454.75720000002,0.30105723121202144
2025-11-03,547292.23,294797.13,0.0,65675.0676,21891.6892,10945.8446,252495.09999999998,153982.49859999996,0.2813533431673239
2025-11-04,480287.47000000003,265558.73,0.0,57634.4964,19211.4988,9605.7494,214728.74000000005,128276.99540000004,0.267083785050649
2025-11-05,568451.2,309985.92,0.0,68214.14399999999,22738.048,11369.024,258465.27999999997,156144.06399999998,0.274683321980849
2025-11-06,645780.17,342822.69,0.0,77493.6204,25831.206800000004,12915.603400000002,302957.48000000004,186717.04940000002,0.2891340708092663
2025-11-07,536307.49,292155.85,0.0,64356.898799999995,21452.2996,10726.1498,244151.64,147616.2918,0.27524562783935763
2025-11-08,333297.18,183441.67,0.0,39995.6616,13331.8872,6665.9436,149855.50999999998,89862.01759999999,0.2696152952749255
2025-11-09,322395.55,172587.5,0.0,38687.466,12895.822,6447.911,149808.05,91776.851,0.28467158122995184
2025-11-10,597222.85,316458.61,0.0,71666.742,23888.914,11944.457,280764.24,173264.127,0.2901163728079058
2025-11-11,552433.5,293321.41,0.0,66292.02,22097.34,11048.67,259112.09000000003,159674.06,0.28903761267193245
2025-11-12,572140.6799999999,298890.54,0.0,68656.8816,22885.6272,11442.8136,273250.13999999996,170264.81759999998,0.2975925739103187
2025-11-13,632506.76,341642.25,0.0,75900.8112,25300.2704,12650.1352,290864.51,177013.29320000001,0.2798599230781344
2025-11-14,460524.93,247267.66,11286.24,55262.991599999994,18420.9972,9210.4986,213257.27,119076.54260000002,0.25856698485356705
2025-11-15,392659.56,209203.26,47579.96,47119.1472,15706.3824,7853.1912,183456.3,65197.61919999999,0.1660410845466235
2025-11-16,358126.76,190810.5,54814.4,42975.2112,14325.0704,7162.5352,167316.26,48039.04320000003,0.13413977553646098
2025-11-17,580592.69,307280.77,50021.11,69671.1228,23223.707599999998,11611.853799999999,273311.9199999999,118784.12579999994,0.2045911494338655
2025-11-18,524724.36,283367.34,50047.04,62966.9232,20988.9744,10494.4872,241357.01999999996,96859.59519999995,0.1845913827976272
2025-11-19,603215.99,325747.83,54351.07,72385.9188,24128.6396,12064.3198,277468.16,114538.21179999999,0.18987926994441906
2025-11-20,648583.29,343648.68,47691.21,77829.9948,25943.3316,12971.6658,304934.61000000004,140498.40780000004,0.2166235392835977
2025-11-21,634688.62,342157.24,53777.19,76162.6344,25387.5448,12693.7724,292531.38,124510.23840000002,0.1961753125493254
2025-11-22,360326.52999999997,184256.94,63486.64000000001,43239.1836,14413.061199999998,7206.530599999999,176069.58999999997,47724.17459999997,0.13244701854176535
2025-11-23,362640.86,195264.81,27367.72,43516.90319999999,14505.634399999999,7252.8171999999995,167376.05,74732.97519999999,0.20607985321896707
2025-11-24,557288.42,302023.63,26522.58,66874.6104,22291.5368,11145.7684,255264.79000000004,128430.29440000001,0.23045570263239995
2025-11-25,620193.65,331790.88,29265.11,74423.238,24807.746000000003,12403.873000000001,288402.77,147502.803,0.23783346217749893
2025-11-26,547251.35,299013.07,27940.05,65670.162,21890.054,10945.027,248238.27999999997,121792.98699999996,0.22255401836834202
2025-11-27,538969.69,292429.08,27440.77,64676.36279999999,21558.7876,10779.3938,246540.60999999993,122085.29579999995,0.22651606957712217
2025-11-28,517486.88,283833.99,26628.940000000002,62098.425599999995,20699.4752,10349.7376,233652.89,113876.31160000002,0.2200564226865037
2025-11-29,400654.81,218459.08,27346.21,48078.5772,16026.1924,8013.0962,182195.73,82731.65420000002,0.20649110439981994
2025-11-30,276587.8,145767.09,25683.739999999998,33190.536,11063.512,5531.756,130820.70999999999,55351.166000000005,0.20012150210529897
2025-12-01,690107.79,376572.56,27036.47,82812.9348,27604.3116,13802.1558,313535.23000000004,162279.3578,0.23515074043722936
2025-12-02,720524.88,382584.83,26678.95,86462.9856,28820.9952,14410.4976,337940.05,181566.62159999995,0.2519921610479293
2025-12-03,669591.88,354220.52999999997,26914.65,80351.0256,26783.6752,13391.8376,315371.35000000003,167930.16160000002,0.25079479996083587
2025-12-04,704821.13,377619.07,28405.06,84578.5356,28192.8452,14096.4226,327202.06,171929.1966,0.24393309065521346
2025-12-05,492602.36,261127.66,27214.34,59112.2832,19704.094399999998,9852.047199999999,231474.69999999998,115591.93519999998,0.2346556666922992
2025-12-06,376354.59,208827.48,16782.78,45162.550800000005,15054.183600000002,7527.091800000001,167527.11000000002,83000.50380000002,0.2205380404686974
2025-12-07,402762.12,216784.54,16446.56,48331.454399999995,16110.4848,8055.2424,185977.58,97033.8384,0.24092096446408615
2025-12-08,510800.7,281305.88,15054.86,61296.084,20432.028000000002,10216.014000000001,229494.82,122495.83400000003,0.23981140589666386
2025-12-09,513577.31,281114.2,0.0,61629.2772,20543.0924,10271.5462,232463.11,140019.19419999997,0.2726350862346313
2025-12-10,594711.16,328067.29,0.0,71365.3392,23788.4464,11894.2232,266643.87000000005,159595.86120000004,0.26835861159894836
2025-12-11,513314.6,282780.01,0.0,61597.75199999999,20532.584,10266.292,230534.58999999997,138137.962,0.2691097467323158
2025-12-12,552046.58,300411.21,0.0,66245.58959999999,22081.8632,11040.9316,251635.36999999994,152266.98559999993,0.2758227133659626
2025-12-13,447687.86,239181.81,0.0,53722.54319999999,17907.5144,8953.7572,208506.05,127922.2352,0.2857397902190155
2025-12-14,345327.2,185246.96,0.0,41439.264,13813.088000000002,6906.544000000001,160080.24000000002,97921.34400000003,0.2835610516634659
2025-12-15,599833.77,323253.29,0.0,71980.0524,23993.3508,11996.6754,276580.48000000004,168610.40140000003,0.2810952130954548
2025-12-16,573708.51,322813.85,0.0,68845.0212,22948.3404,11474.1702,250894.66000000003,147627.12820000004,0.25732079205169894
2025-12-17,605022.84,325171.55,0.0,72602.7408,24200.9136,12100.4568,279851.29,170947.1788,0.28254665361063064
2025-12-18,555137.53,296237.5,0.0,66616.5036,22205.501200000002,11102.750600000001,258900.03000000003,158975.27460000003,0.2863709729731298
2025-12-19,598162.91,324026.38,39723.56,71779.5492,23926.5164,11963.2582,274136.53,126743.64620000003,0.2118881730731182
2025-12-20,370397.54,191160.08,44062.99,44447.70479999999,14815.9016,7407.9508,179237.46,68502.9128,0.18494429741623017
2025-12-21,284405.99,145720.8,40753.34,34128.718799999995,11376.239599999999,5688.1197999999995,138685.19,46738.77180000001,0.16433821172331853
2025-12-22,551138.76,300126.5,45759.93,66136.6512,22045.5504,11022.7752,251012.26,106047.35320000001,0.1924149794871985
2025-12-23,522379.7,285548.83,40054.99,62685.564,20895.188000000002,10447.594000000001,236830.87,102747.534,0.196691284136807
2025-12-24,585790.49,306162.1,44900.26,70294.8588,23431.6196,11715.8098,279628.39,129285.84180000001,0.22070321046010838
2025-12-25,669836.26,349835.08,40129.14,80380.3512,26793.4504,13396.7252,320001.18,159301.5132,0.23782157329016496
2025-12-26,594387.29,323736.85,46161.9,71326.4748,23775.4916,11887.7458,270650.44000000006,117498.82780000006,0.19768058600310928
2025-12-27,403692.31,219299.88,43566.58,48443.0772,16147.6924,8073.8462,184392.43,68161.23419999998,0.16884451972840397
2025-12-28,376263.61,207696.66,48147.55,45151.6332,15050.544399999999,7525.272199999999,168566.94999999998,52691.950199999985,0.1400399847330439
2025-12-29,567688.55,307815.93,40823.23,68122.626,22707.542,11353.771,259872.62000000005,116865.45100000003,0.2058619131916612
2025-12-30,498255.6,265747.53,0.0,59790.67199999999,19930.224,9965.112,232508.06999999995,142822.06199999998,0.28664416817392513
2025-12-31,687777.47,377220.42,0.0,82533.29639999999,27511.0988,13755.5494,310557.05,186757.1054,0.271537108361517
2026-01-01,677773.65,360607.08999999997,0.0,81332.838,27110.946,13555.473,317166.56000000006,195167.30300000007,0.2879535122086851
2026-01-02,619195.12,340748.59,0.0,74303.4144,24767.8048,12383.9024,278446.52999999997,166991.40839999996,0.26969109252669815
2026-01-03,410064.27,220345.08,10096.72,49207.712400000004,16402.5708,8201.2854,189719.19000000003,105810.90140000003,0.2580349207210861
2026-01-04,430591.08,234147.88999999998,9786.6,51670.9296,17223.643200000002,8611.821600000001,196443.19000000003,109150.19560000002,0.25348921672971025
2026-01-05,553005.18,297875.75,9205.42,66360.6216,22120.2072,11060.1036,255129.43000000005,146383.07760000005,0.2647047132542231
2026-01-06,672963.25,357512.93,8585.67,80755.59,26918.53,13459.265,315450.32,185731.265,0.2759902045171115
2026-01-07,658612.36,358001.37,9555.28,79033.4832,26344.4944,13172.2472,300610.99,172505.48519999994,0.2619226356456474
2026-01-08,503609.2,272469.56,9153.42,60433.104,20144.368000000002,10072.184000000001,231139.64,131336.564,0.2607906368668404
2026-01-09,572024.17,310679.88,8968.74,68642.9004,22880.966800000002,11440.483400000001,261344.29000000004,149411.19940000007,0.26119735360133484
2026-01-10,342872.39,190583.74,10064.95,41144.6868,13714.895600000002,6857.447800000001,152288.65000000002,80506.66980000002,0.23480067846816133
2026-01-11,450687.42,237416.27,8842.28,54082.490399999995,18027.4968,9013.7484,213271.15,123305.1344,0.2735934683954569
2026-01-12,542400.55,294197.25,38355.97,65088.066000000006,21696.022,10848.011,248203.30000000005,112215.23100000003,0.20688627804673138
2026-01-13,704825.21,389447.3,40441.3,84579.02519999999,28193.0084,14096.5042,315377.91,148068.07220000002,0.21007771870135014
2026-01-14,653825.39,349700.12,39098.340000000004,78459.0468,26153.015600000002,13076.507800000001,304125.27,147338.35979999998,0.22534817713334745
2026-01-15,731669.84,395872.83,39511.43,87800.3808,29266.7936,14633.3968,335797.00999999995,164585.00879999998,0.22494436671053708
2026-01-16,669435.52,365450.94,41401.55,80332.26239999999,26777.4208,13388.7104,303984.58,142084.63640000002,0.2122454398595402
2026-01-17,350186.28,183335.04,45885.13,42022.3536,14007.451200000001,7003.725600000001,166851.24000000002,57932.57960000001,0.16543360750741007
2026-01-18,437937.44,238860.77,41155.5,52552.4928,17517.4976,8758.7488,199076.67,79092.4308,0.18060212161810144
2026-01-19,655592.52,353351.92,33580.77,78671.1024,26223.700800000002,13111.850400000001,302240.60000000003,150653.17640000003,0.2297969726683276
2026-01-20,733721.13,403179.44,36907.06,88046.5356,29348.8452,14674.4226,330541.69,161564.8266,0.2201992282817315
2026-01-21,640260.92,337250.42,34256.7,76831.3104,25610.436800000003,12805.218400000002,303010.50000000006,153506.83440000002,0.23975668294732094
2026-01-22,698071.14,375129.6,33428.65,83768.5368,27922.8456,13961.4228,322941.54000000004,163860.0848,0.23473264458404627
2026-01-23,682117.73,367482.74,32648.82,81854.12759999999,27284.7092,13642.3546,314634.99,159204.97859999997,0.23339809478343274
2026-01-24,394705.68,213853.13999999998,42567.880000000005,47364.681599999996,15788.2272,7894.1136,180852.54,67237.63760000002,0.17034879660206567
2026-01-25,332502.86,177895.55,38724.9,39900.343199999996,13300.1144,6650.0572,154607.31,56031.8952,0.16851552855816038
2026-01-26,649819.85,347645.9,42215.94,77978.382,25992.793999999998,12996.396999999999,302173.94999999995,142990.43699999998,0.22004627436357935
2026-01-27,748543.69,406590.71,12554.869999999999,89825.24279999999,29941.7476,14970.8738,341952.9799999999,194660.24579999992,0.260051949405919
2026-01-28,675415.78,364393.77999999997,12114.34,81049.8936,27016.631200000003,13508.315600000002,311022.00000000006,177332.81960000002,0.26255356308080335
2026-01-29,592708.97,320201.74,12235.32,71125.07639999999,23708.358799999998,11854.179399999999,272507.23,153584.2954,0.25912261020783944
2026-01-30,594682.24,316659.82,12215.54,71361.8688,23787.2896,11893.6448,278022.42,158764.0768,0.2669729581969692
2026-01-31,437900.42,231276.66,12629.92,52548.05039999999,17516.0168,8758.0084,206623.75999999998,115171.76439999996,0.26300902931310266
2026-02-01,396668.41,218331.24,12287.599999999999,47600.2092,15866.7364,7933.3682,178337.16999999998,94649.25619999999,0.23861052156888418
2026-02-02,667828.41,357819.66,12391.509999999998,80139.4092,26713.136400000003,13356.568200000002,310008.75000000006,177408.12620000003,0.26564926490623547
2026-02-03,837417.87,450208.13,5328.67,100490.14439999999,33496.7148,16748.3574,387209.74,231145.8534,0.27602211713012526
2026-02-04,600416.17,328681.21,5555.5,72049.9404,24016.646800000002,12008.323400000001,271734.96,158104.54940000002,0.26332493576913496
2026-02-05,698681.08,377592.45,5921.1,83841.72959999999,27947.243199999997,13973.621599999999,321088.62999999995,189404.93559999997,0.2710892580632067
2026-02-06,770703.71,424431.17,5368.45,92484.44519999999,30828.1484,15414.0742,346272.54,202177.42219999997,0.2623283365276651
2026-02-07,387886.26,214230.98,5998.31,46546.3512,15515.450400000002,7757.725200000001,173655.28,97837.4432,0.2522322992312231
2026-02-08,354848.3,190507.25,6092.52,42581.795999999995,14193.932,7096.966,164341.05,94375.836,0.2659610768883492
2026-02-09,742641.65,392504.22,32446.11,89116.99799999999,29705.666,14852.833,350137.43000000005,184015.82300000006,0.24778548711885479
2026-02-10,647926.77,353816.33,25640.54,77751.2124,25917.0708,12958.5354,294110.44,151843.08140000002,0.23435222687279925
2026-02-11,769231.43,412413.22,28525.8,92307.77160000001,30769.257200000004,15384.628600000002,356818.2100000001,189830.7526000001,0.24677976639618077
2026-02-12,694225.91,367875.57,30046.49,83307.1092,27769.0364,13884.5182,326350.34,171343.18620000003,0.2468118572526341
2026-02-13,666027.38,363373.83,28372.38,79923.2856,26641.0952,13320.5476,302653.55,154396.24159999998,0.2318166583481898
2026-02-14,477714.64,255946.11,28851.03,57325.7568,19108.585600000002,9554.292800000001,221768.53000000003,106928.86480000002,0.22383418017082338
2026-02-15,350826.09,188203.18,26208.14,42099.1308,14033.0436,7016.5218,162622.91000000003,73266.07380000001,0.2088387263330387
2026-02-16,729544.41,390628.63,25747.23,87545.32920000001,29181.776400000002,14590.888200000001,338915.78,181850.55620000005,0.24926591679319432
2026-02-17,642160.02,352603.55,26445.08,77059.2024,25686.400800000003,12843.200400000002,289556.47000000003,147522.5864,0.2297286997094587
2026-02-18,804475.42,422653.35,28297.0,96537.05040000001,32179.0168,16089.5084,381822.07000000007,208719.49440000005,0.25944794484833367
2026-02-19,674607.89,367755.42,27100.84,80952.9468,26984.3156,13492.1578,306852.47000000003,158322.2098,0.23468775291080574
2026-02-20,868795.47,465569.47,29543.22,104255.4564,34751.8188,17375.9094,403226.0,217299.5954,0.250115939715938
2026-02-21,482205.77999999997,258969.72,29604.17,57864.69359999999,19288.2312,9644.1156,223236.05999999997,106834.84959999996,0.22155447742662887
2026-02-22,345749.09,186846.09,29103.75,41489.8908,13829.963600000001,6914.9818000000005,158903.00000000003,67564.41380000004,0.19541458171299897
2026-02-23,757691.49,413817.5,0.0,90922.9788,30307.6596,15153.8298,343873.99,207489.5218,0.2738443344533274
2026-02-24,540381.11,294619.56,0.0,64845.733199999995,21615.2444,10807.6222,245761.55,148492.9502,0.2747930071056703
2026-02-25,664033.13,363107.33,0.0,79683.97559999999,26561.3252,13280.6626,300925.8,181399.83659999998,0.27317889485423713
2026-02-26,674802.14,365807.9,0.0,80976.2568,26992.085600000002,13496.042800000001,308994.24,187529.8548,0.2779034678224346
2026-02-27,975154.64,529589.38,0.0,117018.55679999999,39006.185600000004,19503.092800000002,445565.26,270037.4248,0.27691754079127384
2026-02-28,386962.23,211880.86,0.0,46435.467599999996,15478.4892,7739.2446,175081.37,105428.16859999999,0.27245079862187066
2026-03-01,378754.75,203882.09,0.0,45450.57,15150.19,7575.095,174872.66,106696.805,0.2817042030495987
2026-03-02,849125.72,451900.0,0.0,101895.0864,33965.0288,16982.5144,397225.72,244383.09039999993,0.28780554474312703
2026-03-03,820451.71,446805.52999999997,0.0,98454.2052,32818.0684,16409.0342,373646.18,225964.87219999998,0.27541520048754603
2026-03-04,707518.25,378317.04,0.0,84902.19,28300.73,14150.365,329201.21,201847.92500000002,0.2852900614224439
2026-03-05,728957.67,390060.98,0.0,87474.9204,29158.306800000002,14579.153400000001,338896.69000000006,207684.30940000006,0.284905856604815
2026-03-06,683904.25,368737.86,0.0,82068.51,27356.170000000002,13678.085000000001,315166.39,192063.625,0.2808340860580995
2026-03-07,457140.27999999997,246321.98,0.0,54856.83359999999,18285.6112,9142.8056,210818.29999999996,128533.0496,0.28116763108252024
2026-03-08,437767.45,236865.96,0.0,52532.094,17510.698,8755.349,200901.49000000002,122103.349,0.27892285961416274
2026-03-09,635312.39,337823.62,0.0,76237.4868,25412.495600000002,12706.247800000001,297488.77,183132.5398,0.28825589219187114
2026-03-10,754802.0,412385.92,0.0,90576.23999999999,30192.08,15096.04,342416.08,206551.72,0.2736502023047104
2026-03-11,667166.23,351794.56,0.0,80059.9476,26686.6492,13343.3246,315371.67,195281.7486,0.2927032871552866
2026-03-12,703310.3,387247.43,0.0,84397.236,28132.412000000004,14066.206000000002,316062.87000000005,189467.01600000003,0.2693932052466742
2026-03-13,783142.23,421338.0,0.0,93977.0676,31325.6892,15662.8446,361804.23,220838.62859999997,0.2819904484016907
2026-03-14,514004.52999999997,285544.4,0.0,61680.5436,20560.1812,10280.0906,228460.12999999995,135939.31459999995,0.26447104386414644
2026-03-15,597195.63,316964.44,11634.66,71663.47559999999,23887.8252,11943.9126,280231.19,161101.31660000002,0.2697630533565693
2026-03-16,752224.7,404496.94,10761.45,90266.96399999999,30088.987999999998,15044.493999999999,347727.75999999995,201565.86399999994,0.26795964556867113
2026-03-17,688782.36,367314.8,11551.7,82653.8832,27551.2944,13775.6472,321467.56,185935.03519999998,0.2699474405819568
2026-03-18,855272.26,444632.69,12123.99,102632.6712,34210.890400000004,17105.445200000002,410639.57,244566.57320000004,0.285951719280595
2026-03-19,787850.27,418601.37,12191.66,94542.0324,31514.0108,15757.0054,369248.9,215244.1914000001,0.27320443946792083
2026-03-20,800142.04,436748.44,11740.16,96017.0448,32005.681600000004,16002.840800000002,363393.60000000003,207627.87280000004,0.2594887687691051
2026-03-21,508481.07,273433.77999999997,10600.88,61017.7284,20339.2428,10169.6214,235047.29000000004,132919.81740000003,0.26140563580862514
2026-03-22,484064.06,262988.58,10276.51,58087.6872,19362.5624,9681.2812,221075.47999999998,123667.4392,0.25547742420703573
2026-03-23,856340.19,463815.08999999997,11649.13,102760.8228,34253.607599999996,17126.803799999998,392525.1,226734.73580000002,0.2647718026640791
2026-03-24,557861.29,298128.76,11445.49,66943.3548,22314.4516,11157.2258,259732.53000000003,147872.00780000002,0.26506949030286725
2026-03-25,828668.23,437105.26,11046.48,99440.18759999999,33146.7292,16573.3646,391562.97,231356.20859999998,0.27919039275826946
2026-03-26,748083.1,404255.67,12013.47,89769.972,29923.324,14961.662,343827.43,197159.002,0.26355227380487545
2026-03-27,811027.95,432703.3,10758.54,97323.35399999999,32441.118,16220.559,378324.64999999997,221581.079,0.273210163718772
2026-03-28,538540.85,296143.56,0.0,64624.901999999995,21541.634,10770.817,242397.28999999998,145459.93699999998,0.2701000991846765
2026-03-29,473928.49,260352.79,0.0,56871.4188,18957.1396,9478.5698,213575.69999999998,128268.57179999998,0.27064963281696774
2026-03-30,704463.49,383118.34,0.0,84535.6188,28178.5396,14089.2698,321345.14999999997,194541.72179999997,0.27615586124981434
2026-03-31,733719.39,391069.12,36723.07,88046.3268,29348.7756,14674.3878,342650.27,173857.70980000004,0.23695395292742644
2026-04-01,742261.46,396818.66,42957.64,89071.3752,29690.4584,14845.2292,345442.8,168878.09719999996,0.2275183426605498
2026-04-02,686020.41,370736.13,38347.72,82322.4492,27440.816400000003,13720.408200000002,315284.28,153452.88620000004,0.22368559880018735
2026-04-03,817282.35,446521.96,39370.5,98073.882,32691.293999999998,16345.646999999999,370760.38999999996,184279.06699999998,0.22547784985201258
2026-04-04,553191.42,294262.43,38673.21,66382.9704,22127.6568,11063.8284,258928.99000000005,120681.32440000004,0.21815472915324688
2026-04-05,479302.24,258203.5,40885.98,57516.2688,19172.0896,9586.0448,221098.74,93938.35679999998,0.1959898138594136
2026-04-06,854221.12,466711.31,39074.64,102506.53439999999,34168.8448,17084.4224,387509.81,194675.36839999998,0.2278980978601887
2026-04-07,899948.41,486540.0,39279.62,107993.8092,35997.9364,17998.9682,413408.41000000003,212138.0762,0.23572248569226317
2026-04-08,677269.61,369648.51,40960.86,81272.3532,27090.7844,13545.3922,307621.1,144751.71019999997,0.2137283410664181
2026-04-09,740560.03,398952.75,0.0,88867.2036,29622.4012,14811.2006,341607.28,208306.47460000002,0.2812823622144447
2026-04-10,966042.34,529154.88,0.0,115925.0808,38641.6936,19320.8468,436887.45999999996,262999.83879999997,0.27224462936065513
2026-04-11,613316.95,331998.76,0.0,73598.03399999999,24532.678,12266.339,281318.18999999994,170921.13899999994,0.27868321428259885
2026-04-12,411184.66,216930.01,0.0,49342.159199999995,16447.3864,8223.6932,194254.64999999997,120241.41119999997,0.29242679238082464
2026-04-13,811932.45,432150.86,0.0,97431.89399999999,32477.298,16238.649,379781.58999999997,233633.74899999998,0.2877502297143069
2026-04-14,899278.75,487822.63,0.0,107913.45,35971.15,17985.575,411456.12,249585.94499999995,0.27754013424647245
2026-04-15,712915.79,390117.27999999997,0.0,85549.8948,28516.6316,14258.3158,322798.51000000007,194473.66780000005,0.27278631014751414
2026-04-16,900796.29,491912.02999999997,0.0,108095.5548,36031.8516,18015.9258,408884.26000000007,246740.9278000001,0.2739142362586774
2026-04-17,858502.79,457078.69,0.0,103020.3348,34340.111600000004,17170.055800000002,401424.10000000003,246893.59780000002,0.2875862497779419
2026-04-18,516474.28,276686.12,0.0,61976.9136,20658.9712,10329.4856,239788.16000000003,146822.78960000002,0.28427899565492404
2026-04-19,472024.4,254492.09,0.0,56642.928,18880.976000000002,9440.488000000001,217532.31000000003,132567.91800000003,0.28084971454865476
2026-04-20,755406.99,397050.79,0.0,90648.8388,30216.2796,15108.1398,358356.2,222382.94180000003,0.2943882499684045
2026-04-21,763520.08,423448.13,24903.67,91622.40959999998,30540.8032,15270.4016,340071.94999999995,177734.66559999998,0.23278322372346774
2026-04-22,791890.79,434375.52999999997,24778.59,95026.8948,31675.6316,15837.8158,357515.26000000007,190196.32780000003,0.24017999729482903
2026-04-23,796610.45,438828.32,23523.97,95593.25399999999,31864.417999999998,15932.208999999999,357782.12999999995,190868.27899999992,0.23960052118322064
2026-04-24,876844.6,477782.06,26538.54,105221.352,35073.784,17536.892,399062.54,214691.972,0.24484609017378908
2026-04-25,489786.71,266096.84,24232.45,58774.4052,19591.4684,9795.7342,223689.87,111295.81219999997,0.22723322198758714
2026-04-26,416352.33,226055.95,22216.09,49962.2796,16654.0932,8327.0466,190296.38,93136.8706,0.22369724843379643
2026-04-27,784413.68,432854.22,26174.05,94129.6416,31376.5472,15688.2736,351559.4600000001,184190.94760000007,0.23481353308371683
2026-04-28,760899.97,414041.38,23277.96,91307.99639999999,30435.9988,15217.9994,346858.58999999997,186618.63539999994,0.24526040577975045
2026-04-29,808785.55,438712.52,22848.91,97054.266,32351.422000000002,16175.711000000001,370073.03,201642.72100000005,0.24931543472803147
2026-04-30,812724.07,437824.32,24224.68,97526.8884,32508.962799999998,16254.481399999999,374899.74999999994,204384.73739999995,0.2514810929618462
2026-05-01,823947.81,437409.61,26321.66,98873.7372,32957.9124,16478.9562,386538.20000000007,211905.93420000008,0.2571836852142371
2026-05-02,557548.84,300145.89,24839.84,66905.8608,22301.9536,11150.9768,257402.94999999995,132204.31879999995,0.23711701884269
2026-05-03,513689.58,279891.26,26550.78,61642.7496,20547.5832,10273.7916,233798.32,114783.41560000001,0.2234489856695166
2026-05-04,855726.08,460400.8,25489.81,102687.12959999999,34229.0432,17114.5216,395325.27999999997,215804.77559999996,0.25218908321690975
2026-05-05,914793.27,496136.67,25818.82,109775.1924,36591.730800000005,18295.865400000002,418656.60000000003,228174.9914,0.24942792965671906
2026-05-06,750599.5,397352.55,24501.53,90071.94,30023.98,15011.99,353246.95,193637.51000000004,0.2579771369418712
2026-05-07,867126.61,456269.47,25573.16,104055.1932,34685.0644,17342.5322,410857.14,229201.19020000007,0.26432263473035394
2026-05-08,904358.5,491389.76,13682.13,108523.01999999999,36174.340000000004,18087.170000000002,412968.74,236502.07999999996,0.26151363646164655
2026-05-09,491991.63,265060.94,14677.23,59038.995599999995,19679.6652,9839.8326,226930.69,123694.96660000001,0.2514168108916813
2026-05-10,551336.37,299429.94,13812.78,66160.36439999999,22053.4548,11026.7274,251906.43,138853.1034,0.2518482562650456
2026-05-11,803507.52,436959.91,15034.46,96420.90239999999,32140.3008,16070.1504,366547.61000000004,206881.79640000002,0.25747337921616464
2026-05-12,868758.26,471176.74,12969.14,104250.9912,34750.3304,17375.1652,397581.52,228235.89320000002,0.2627150770342028
2026-05-13,785736.02,415625.66,14356.87,94288.3224,31429.4408,15714.7204,370110.36000000004,214321.00640000004,0.2727646447976256
2026-05-14,813523.18,435431.29,13701.59,97622.7816,32540.927200000002,16270.463600000001,378091.8900000001,217956.12760000007,0.26791630891205837
2026-05-15,917169.15,495135.22,13174.94,110060.298,36686.766,18343.383,422033.93000000005,243768.54300000003,0.2657836267170565
2026-05-16,476073.43,252503.3,15088.48,57128.81159999999,19042.9372,9521.4686,223570.13,122788.43260000003,0.2579191042020556
2026-05-17,556150.44,300318.13,12930.52,66738.05279999999,22246.0176,11123.0088,255832.30999999994,142794.71079999997,0.25675554765361686
2026-05-18,880915.91,478752.42,14843.61,105709.9092,35236.6364,17618.3182,402163.49000000005,228755.01620000004,0.259678606780981
2026-05-19,719279.9400000001,383028.66,14187.13,86313.5928,28771.197600000003,14385.598800000002,336251.2800000001,192593.76080000008,0.26775911587357776
2026-05-20,863161.74,465616.45999999996,14496.73,103579.40879999999,34526.4696,17263.2348,397545.28,227679.43680000005,0.26377378218826064
2026-05-21,936195.12,510796.31,13384.52,112343.4144,37447.8048,18723.9024,425398.81,243499.1684,0.2600944644958201
2026-05-22,1114307.15,603477.16,14855.26,133716.85799999998,44572.286,22286.143,510829.9899999999,295399.44299999985,0.2650969645128813
2026-05-23,531909.11,292425.8,14194.6,63829.093199999996,21276.3644,10638.1822,239483.31,129545.0702,0.24354738011537347
2026-05-24,645878.76,355104.54,14444.76,77505.4512,25835.150400000002,12917.575200000001,290774.22000000003,160071.2832,0.24783487724538272
2026-05-25,960393.35,519523.47,14362.74,115247.20199999999,38415.734,19207.867,440869.88,253636.33700000003,0.26409630699754433
2026-05-26,961909.37,522253.61,15182.38,115429.1244,38476.3748,19238.1874,439655.76,251329.69340000005,0.26128209292732024
2026-05-27,979044.21,517184.56,13628.46,117485.30519999999,39161.7684,19580.8842,461859.64999999997,272003.23219999997,0.27782528043345456
2026-05-28,1085724.33,587136.08,13354.88,130286.91960000001,43428.9732,21714.4866,498588.2500000001,289802.9906000001,0.2669213377579924
2026-05-29,953719.03,511009.13,14445.48,114446.2836,38148.7612,19074.3806,442709.9,256594.99460000006,0.2690467386395761
2026-05-30,604536.41,331748.22,0.0,72544.3692,24181.456400000003,12090.728200000001,272788.19000000006,163971.63620000004,0.27123533585016
2026-05-31,611559.57,331800.94,0.0,73387.14839999999,24462.3828,12231.1914,279758.62999999995,169677.90739999994,0.2774511523055717
2026-06-01,888250.45,482714.86,0.0,106590.05399999999,35530.018,17765.009,405535.58999999997,245650.509,0.2765554568534134
2026-06-02,1041822.41,561652.3099999999,0.0,125018.6892,41672.896400000005,20836.448200000003,480170.1000000001,292642.06620000006,0.28089438602112626
2026-06-03,959396.69,515142.63,0.0,115127.6028,38375.8676,19187.9338,444254.05999999994,271562.65579999995,0.28305565219325485
2026-06-04,929254.62,493815.29,0.0,111510.5544,37170.1848,18585.0924,435439.33,268173.49840000004,0.28858990058074724
2026-06-05,933868.09,494428.69,0.0,112064.17079999999,37354.7236,18677.3618,439439.39999999997,271343.1437999999,0.29055832050113195
2026-06-06,489806.93,261377.79,0.0,58776.8316,19592.2772,9796.1386,228429.13999999998,140263.89259999996,0.2863656759613425
2026-06-07,619806.62,339622.05,0.0,74376.7944,24792.2648,12396.1324,280184.57,168619.3784,0.2720515931243199
2026-06-08,993417.57,544690.26,0.0,119210.10839999998,39736.7028,19868.3514,448727.30999999994,269912.14739999996,0.271700597564426
2026-06-09,953809.58,514146.33,0.0,114457.14959999999,38152.3832,19076.1916,439663.24999999994,267977.52559999994,0.2809549528743462
2026-06-10,1027320.83,556529.48,0.0,123278.4996,41092.8332,20546.4166,470791.35,285873.6006,0.27827100575776315
2026-06-11,963523.56,519669.29,8245.76,115622.8272,38540.9424,19270.4712,443854.2700000001,262174.2692000001,0.27209948991802557
2026-06-12,948878.53,522835.39999999997,43129.18,113865.4236,37955.141200000005,18977.570600000003,426043.13000000006,212115.81460000007,0.2235436969998679
2026-06-13,560957.17,302242.99,46799.78,67314.8604,22438.2868,11219.1434,258714.18000000005,110942.10940000004,0.19777286989664475
2026-06-14,716836.03,388765.26,44885.68,86020.3236,28673.4412,14336.7206,328070.77,154154.60460000002,0.21504862778730585
2026-06-15,873244.9,470318.69,41930.22,104789.38799999999,34929.796,17464.898,402926.21,203811.908,0.2333960473173104
2026-06-16,927027.3099999999,498598.23,90858.2,111243.27719999998,37081.0924,18540.5462,428429.07999999996,170705.96419999996,0.18414340371482688
2026-06-17,1097308.45,588680.51,86996.97,131677.014,43892.337999999996,21946.168999999998,508627.93999999994,224115.44900000002,0.20424106731338854
2026-06-18,1030976.68,554286.59,84370.54,123717.2016,41239.067200000005,20619.533600000002,476690.0900000001,206743.74760000015,0.20053193404917766
2026-06-19,1185568.76,651046.25,83293.65,142268.2512,47422.750400000004,23711.375200000002,534522.51,237826.48319999996,0.20060117238581754
2026-06-20,544753.78,287729.92,91841.07,65370.4536,21790.1512,10895.0756,257023.86000000004,67127.10960000004,0.12322467886317381
2026-06-21,597940.07,318430.99,89845.0,71752.8084,23917.602799999997,11958.801399999998,279509.07999999996,82034.86739999997,0.13719580191372688
2026-06-22,887697.69,484892.96,50847.509999999995,106523.72279999999,35507.9076,17753.9538,402804.7299999999,192171.63579999993,0.21648319913956288
2026-06-23,955998.11,518687.48,50087.32,114719.7732,38239.9244,19119.9622,437310.63,215143.65019999997,0.2250461041183439
2026-06-24,1099387.72,591908.27,52281.81,131926.5264,43975.5088,21987.7544,507479.44999999995,257307.8503999999,0.23404650217486503
2026-06-25,888983.74,483583.17,48391.5,106678.04879999999,35559.3496,17779.6748,405400.57,196991.9968,0.22159235083422335
2026-06-26,1116985.97,596699.91,53725.32,134038.31639999998,44679.438799999996,22339.719399999998,520286.05999999994,265503.2654,0.23769615065084476
2026-06-27,655002.83,348939.51,8851.28,78600.33959999999,26200.1132,13100.0566,306063.31999999995,179311.5305999999,0.27375687918783487
2026-06-28,527463.61,280628.08,9077.58,63295.6332,21098.5444,10549.2722,246835.52999999997,142814.50019999995,0.2707570673927628
2026-06-29,1131098.21,609576.07,0.0,135731.78519999998,45243.9284,22621.9642,521522.14,317924.46220000007,0.2810759131163333
2026-06-30,872320.77,471578.64,0.0,104678.4924,34892.8308,17446.4154,400742.13,243724.39140000002,0.27939767088200823
2026-07-01,1186240.19,637296.01,0.0,142348.8228,47449.607599999996,23724.803799999998,548944.1799999999,335420.9458,0.2827597215366645
2026-07-02,1095588.35,595740.14,0.0,131470.602,43823.53400000001,21911.767000000003,499848.2100000001,302642.3070000001,0.27623724458187243
2026-07-03,1376516.3699999999,733414.17,0.0,165181.96439999997,55060.6548,27530.3274,643102.1999999998,395329.25339999987,0.2871954609591747
2026-07-04,757434.98,411565.23,0.0,90892.1976,30297.3992,15148.6996,345869.75,209531.4536,0.2766329244524725
2026-07-05,648815.0,353041.01,0.0,77857.8,25952.600000000002,12976.300000000001,295773.99,178987.29,0.27586799010503765
2026-07-06,1213274.31,650507.42,0.0,145592.9172,48530.972400000006,24265.486200000003,562766.89,344377.5142,0.283841429231284
2026-07-07,1314517.27,721470.95,0.0,157742.0724,52580.690800000004,26290.345400000002,593046.3200000001,356433.2114000001,0.27115141012943866
2026-07-08,1052337.26,566811.36,0.0,126280.4712,42093.4904,21046.7452,485525.9,296105.1932,0.28137860784288865
2026-07-09,1172970.28,619261.68,0.0,140756.4336,46918.811200000004,23459.405600000002,553708.6,342573.9496,0.29205680266681605
2026-07-10,1328565.94,718915.64,0.0,159427.9128,53142.6376,26571.3188,609650.2999999999,370508.4307999999,0.2788784656032955
2026-07-11,762589.69,415589.19,0.0,91510.7628,30503.5876,15251.7938,347000.49999999994,209734.35579999996,0.27502909959351796
2026-07-12,707866.17,376978.46,0.0,84943.9404,28314.646800000002,14157.323400000001,330887.71,203471.79940000002,0.2874438813766167
2026-07-13,1300554.42,707810.76,0.0,156066.5304,52022.1768,26011.0884,592743.6599999999,358643.8643999999,0.2757622894396068
2026-07-14,1200342.26,642618.72,0.0,144041.0712,48013.6904,24006.8452,557723.54,341661.9332,0.2846370944233856
2026-07-15,1136837.29,615850.05,0.0,136420.4748,45473.4916,22736.7458,520987.24,316356.52780000004,0.27827775406628336
2026-07-16,1212944.15,653345.61,0.0,145553.29799999998,48517.765999999996,24258.882999999998,559598.5399999999,341268.593,0.2813555702461651
2026-07-17,1126632.8,608730.21,0.0,135195.936,45065.312000000005,22532.656000000003,517902.5900000001,315108.68600000005,0.2796906729504059
2026-07-18,681246.79,376432.98,0.0,81749.6148,27249.871600000002,13624.935800000001,304813.81000000006,182189.38780000005,0.26743522387826596
2026-07-19,625852.7,339231.83,0.0,75102.324,25034.108,12517.054,286620.86999999994,173967.38399999993,0.277968576311966
2026-07-20,1214167.34,663382.42,0.0,145700.0808,48566.693600000006,24283.346800000003,550784.92,332234.79880000005,0.273631803339398
2026-07-21,1048606.81,563033.99,0.0,125832.8172,41944.2724,20972.1362,485572.82000000007,296823.59420000005,0.2830647210845408
2026-07-22,1232595.56,670959.55,0.0,147911.4672,49303.822400000005,24651.911200000002,561636.01,339768.8092,0.2756531178807751
2026-07-23,1337759.95,725911.76,0.0,160531.194,53510.398,26755.199,611848.19,371051.3989999999,0.2773676988909706
2026-07-24,999913.79,539453.8,0.0,119989.6548,39996.5516,19998.2758,460459.99,280475.50779999996,0.2804996896782471
2026-07-25,722519.47,388371.41,0.0,86702.3364,28900.7788,14450.3894,334148.06,204094.5554,0.28247620150637603
2026-07-26,810206.23,438964.35,25893.57,97224.74759999999,32408.2492,16204.1246,371241.88,199511.1886,0.2462474135751832
2026-07-27,1296268.69,702151.15,22232.87,155552.24279999998,51850.7476,25925.3738,594117.5399999999,338556.3057999999,0.26117756944356957
2026-07-28,1255911.28,684247.58,22641.17,150709.3536,50236.4512,25118.2256,571663.7000000001,322958.4996,0.25715072771700875
2026-07-29,1492604.34,806020.33,24701.53,179112.5208,59704.1736,29852.0868,686584.0100000001,393213.69880000013,0.2634413476246492
2026-07-30,1279680.47,698419.18,24876.21,153561.65639999998,51187.2188,25593.6094,581261.2899999999,326042.59539999993,0.25478438019765975
2026-07-31,1614827.32,860367.83,44819.84,193779.2784,64593.092800000006,32296.546400000003,754459.4900000001,418970.73240000015,0.2594523434245589
2026-08-01,889579.91,476578.38,39844.75,106749.5892,35583.1964,17791.5982,413001.53,213032.39620000002,0.239475277943271
2026-08-02,799836.74,421108.29,42513.45,95980.40879999999,31993.4696,15996.7348,378728.45,192244.3868,0.24035453385149574
2026-08-03,1468843.74,794917.9299999999,41159.41,176261.2488,58753.7496,29376.8748,673925.81,368374.52680000005,0.2507921821554688
2026-08-04,1511492.5,811942.08,41333.78,181379.1,60459.700000000004,30229.850000000002,699550.42,386147.99000000005,0.2554746318622157
2026-08-05,1156670.87,627247.97,42021.75,138800.5044,46266.834800000004,23133.417400000002,529422.9000000001,279200.3934000002,0.24138274823156924
2026-08-06,1589640.24,864051.91,41483.96,190756.8288,63585.6096,31792.8048,725588.33,397969.12679999997,0.2503516939153478
2026-08-07,1396797.45,755837.99,40977.869999999995,167615.694,55871.898,27935.949,640959.46,348558.04899999994,0.2495408686492089
2026-08-08,795339.12,424609.99,42181.619999999995,95440.6944,31813.5648,15906.7824,370729.13,185386.46840000004,0.23309109754339763
2026-08-09,1067537.67,580308.84,40647.6,128104.52039999998,42701.506799999996,21350.753399999998,487228.82999999996,254424.44940000004,0.2383283106065944
2026-08-10,1482451.53,797394.18,42689.56,177894.1836,59298.061200000004,29649.030600000002,685057.35,375526.51460000005,0.2533145313695349
2026-08-11,1654627.86,892224.11,26081.06,198555.3432,66185.1144,33092.5572,762403.7500000001,438489.67520000006,0.2650080334075845
2026-08-12,1637654.71,877305.36,23621.19,196518.56519999998,65506.1884,32753.0942,760349.35,441950.3122000001,0.26986782348032334
2026-08-13,1436446.1,779234.36,25207.16,172373.532,57457.844000000005,28728.922000000002,657211.7400000001,373444.28200000006,0.2599779288620715
2026-08-14,1883672.51,1001045.16,0.0,226040.70119999998,75346.9004,37673.4502,882627.35,543566.2982,0.2885673041966302
2026-08-15,840670.86,453341.2,0.0,100880.50319999999,33626.8344,16813.4172,387329.66,236008.9052,0.2807387723656795
2026-08-16,860397.13,458851.25,0.0,103247.6556,34415.885200000004,17207.942600000002,401545.88,246674.39659999998,0.286698302445523
2026-08-17,1761240.81,948213.7,0.0,211348.8972,70449.6324,35224.8162,813027.1100000001,496003.7642000001,0.2816217756162487
2026-08-18,2030620.89,1089021.6199999999,0.0,243674.50679999997,81224.83559999999,40612.417799999996,941599.27,576087.5098000001,0.2837001789142434
2026-08-19,1826909.96,980104.4299999999,0.0,219229.1952,73076.3984,36538.1992,846805.53,517961.7372,0.28351793385591917
2026-08-20,1915799.64,1027197.77,0.0,229895.95679999999,76631.9856,38315.9928,888601.8699999999,543757.9347999998,0.2838281850809826
2026-08-21,1773398.95,957833.17,0.0,212807.87399999998,70935.958,35467.979,815565.7799999999,496353.969,0.2798884982987049
2026-08-22,941263.14,503599.23,0.0,112951.5768,37650.5256,18825.2628,437663.91000000003,268236.54480000003,0.284975086562935
2026-08-23,1068712.96,570922.25,0.0,128245.55519999999,42748.5184,21374.2592,497790.70999999996,305422.3772,0.28578522824313835
2026-08-24,2071902.78,1129999.06,0.0,248628.33359999998,82876.1112,41438.0556,941903.72,568961.2196,0.27460806804844384
2026-08-25,2320053.99,1255954.55,0.0,278406.47880000004,92802.15960000001,46401.07980000001,1064099.4400000002,646489.7218000002,0.2786528781599605
2026-08-26,1993866.16,1064453.6,0.0,239263.9392,79754.6464,39877.3232,929412.5599999998,570516.6511999998,0.28613588145755975
2026-08-27,2063825.72,1101196.28,0.0,247659.0864,82553.0288,41276.5144,962629.44,591140.8104,0.2864296169349028
2026-08-28,2436982.9,1310035.52,0.0,292437.948,97479.31599999999,48739.657999999996,1126947.38,688290.4579999999,0.28243548939141094
2026-08-29,1215812.45,660245.8099999999,0.0,145897.49399999998,48632.498,24316.249,555566.64,336720.39900000003,0.2769509384444945
2026-08-30,1343286.5,728946.93,0.0,161194.38,53731.46,26865.73,614339.57,372547.99999999994,0.27734068644328663
