campaign_id,date,impressions,clicks,conversions,spend,revenue_generated
CAM001,2025-04-12,23571,394,13,7542.85,18157.77
CAM001,2025-04-13,24002,444,12,7680.81,19570.55
CAM001,2025-04-14,25347,454,13,8111.06,20372.79
CAM001,2025-04-15,23050,416,13,7376.19,18428.26
CAM001,2025-04-16,25749,472,15,8239.72,23471.61
CAM001,2025-04-17,22890,385,11,7324.97,17818.78
CAM001,2025-04-18,26043,446,13,8333.78,20181.46
CAM001,2025-04-19,24282,410,13,7770.35,21676.31
CAM001,2025-04-20,21999,371,12,7039.88,19188.52
CAM001,2025-04-21,24684,407,13,7898.94,20919.64
CAM001,2025-04-22,24429,452,13,7817.5,18855.22
CAM001,2025-04-23,23394,415,12,7486.4,20880.7
CAM001,2025-04-24,23111,406,12,7395.66,18289.5
CAM001,2025-04-25,21892,372,12,7005.63,16728.51
CAM001,2025-04-26,21565,342,10,6900.98,13687.88
CAM002,2025-12-19,141869,1796,44,39723.56,109444.08
CAM002,2025-12-20,157367,1982,52,44062.99,147765.86
CAM002,2025-12-21,145547,1773,43,40753.34,127504.76
CAM002,2025-12-22,163428,2035,52,45759.93,145236.51
CAM002,2025-12-23,143053,1879,42,40054.99,106066.58
CAM002,2025-12-24,160358,1999,50,44900.26,125278.0
CAM002,2025-12-25,143318,1971,45,40129.14,126949.62
CAM002,2025-12-26,164863,1883,44,46161.9,126146.39
CAM002,2025-12-27,155594,2154,51,43566.58,146125.88
CAM002,2025-12-28,171955,2108,53,48147.55,138496.82
CAM002,2025-12-29,145797,1768,43,40823.23,106956.62
CAM003,2026-07-26,57541,2053,129,25893.57,435469.55
CAM003,2026-07-27,49406,1740,130,22232.87,338103.35
CAM003,2026-07-28,50313,1725,116,22641.17,297063.88
CAM003,2026-07-29,54892,1909,133,24701.53,435943.39
CAM003,2026-07-30,55280,2089,131,24876.21,413742.47
CAM003,2026-07-31,58215,2199,140,26196.81,480829.44
CAM003,2026-08-01,51496,1687,109,23173.26,338040.87
CAM003,2026-08-02,55536,2043,147,24991.48,450492.42
CAM003,2026-08-03,52668,1960,148,23701.03,397113.8
CAM003,2026-08-04,55101,1956,140,24795.72,426904.13
CAM003,2026-08-05,55792,2146,160,25106.72,522410.0
CAM003,2026-08-06,55684,1837,118,25057.96,398759.88
CAM003,2026-08-07,54176,1865,130,24379.59,357385.37
CAM003,2026-08-08,55639,1951,127,25037.6,359072.55
CAM003,2026-08-09,54599,1899,145,24569.68,373355.27
CAM003,2026-08-10,56671,2064,151,25502.1,495755.55
CAM003,2026-08-11,57957,1972,140,26081.06,480519.9
CAM003,2026-08-12,52491,1744,117,23621.19,398361.96
CAM003,2026-08-13,56015,1954,145,25207.16,455393.61
CAM004,2025-09-14,21679,830,60,9755.9,150821.39
CAM004,2025-09-15,19241,706,58,8658.9,147979.62
CAM004,2025-09-16,20988,915,76,9444.87,164603.8
CAM004,2025-09-17,19081,703,56,8586.66,135911.74
CAM004,2025-09-18,22189,824,64,9985.36,171892.69
CAM004,2025-09-19,21603,904,79,9721.66,198775.27
CAM004,2025-09-20,23002,981,86,10351.31,229438.93
CAM004,2025-09-21,23004,842,73,10351.93,191584.56
CAM004,2025-09-22,18972,790,63,8537.66,163198.01
CAM004,2025-09-23,20247,859,75,9111.27,168500.73
CAM004,2025-09-24,20520,832,63,9234.1,155549.53
CAM004,2025-09-25,21294,813,59,9582.4,132538.6
CAM004,2025-09-26,20984,774,58,9443.03,154143.08
CAM004,2025-09-27,22057,806,69,9925.94,171412.63
CAM004,2025-09-28,21307,796,63,9588.35,152280.12
CAM004,2025-09-29,21778,928,76,9800.49,175331.17
CAM004,2025-09-30,21816,859,74,9817.36,198960.62
CAM004,2025-10-01,19320,809,65,8694.42,176839.67
CAM004,2025-10-02,20768,902,75,9345.98,178619.59
CAM004,2025-10-03,22537,956,80,10142.02,173277.93
CAM004,2025-10-04,21290,777,62,9580.52,144402.25
CAM004,2025-10-05,22816,928,81,10267.3,221204.49
CAM005,2025-11-14,40308,852,32,11286.24,83173.75
CAM005,2025-11-15,38839,774,32,10874.94,70589.74
CAM005,2025-11-16,43461,959,36,12169.33,92165.84
CAM005,2025-11-17,42701,925,37,11956.48,95837.07
CAM005,2025-11-18,46237,879,33,12946.56,69166.57
CAM005,2025-11-19,44648,996,42,12501.5,91785.18
CAM005,2025-11-20,44324,926,38,12410.96,99923.25
CAM005,2025-11-21,41640,879,33,11659.46,74550.29
CAM005,2025-11-22,41253,899,38,11551.02,92444.07
CAM005,2025-11-23,45117,950,37,12632.86,98418.79
CAM005,2025-11-24,40298,794,34,11283.55,78073.51
CAM005,2025-11-25,47064,884,32,13178.14,79403.46
CAM005,2025-11-26,45074,1007,37,12620.9,87293.32
CAM005,2025-11-27,40699,768,33,11395.76,66011.99
CAM005,2025-11-28,39872,750,30,11164.33,80414.65
CAM005,2025-11-29,38943,840,35,10904.21,78395.16
CAM005,2025-11-30,39750,848,33,11130.24,71851.59
CAM005,2025-12-01,44753,1001,39,12531.06,79421.76
CAM005,2025-12-02,39586,876,33,11084.29,77503.69
CAM005,2025-12-03,46197,894,36,12935.35,87798.93
CAM005,2025-12-04,45047,944,34,12613.44,73882.7
CAM005,2025-12-05,45702,935,40,12796.67,93140.02
CAM006,2025-03-05,19272,1070,105,15418.04,181790.41
CAM006,2025-03-06,16274,902,86,13019.56,169619.14
CAM006,2025-03-07,16191,900,78,12953.44,138143.82
CAM006,2025-03-08,18879,1077,98,15103.58,176051.69
CAM006,2025-03-09,18129,1042,84,14503.42,157837.31
CAM006,2025-03-10,19273,1256,113,15418.57,205844.52
CAM006,2025-03-11,17953,1172,102,14363.18,156356.26
CAM006,2025-03-12,18972,1239,102,15177.95,173787.9
CAM006,2025-03-13,16761,1050,98,13409.21,198328.89
CAM006,2025-03-14,18382,1203,100,14705.81,190749.53
CAM006,2025-03-15,17869,1015,89,14295.29,182722.75
CAM006,2025-03-16,16976,1107,97,13581.15,162451.18
CAM006,2025-03-17,17310,1090,88,13848.37,152526.86
CAM006,2025-03-18,18320,1142,107,14656.09,197241.9
CAM006,2025-03-19,17144,944,86,13715.34,139535.67
CAM006,2025-03-20,16432,1015,83,13145.89,149154.24
CAM006,2025-03-21,16152,976,92,12922.26,188510.45
CAM006,2025-03-22,18340,1174,109,14672.19,169017.91
CAM006,2025-03-23,16471,1059,88,13176.98,172522.08
CAM006,2025-03-24,17874,1056,86,14299.82,149755.98
CAM006,2025-03-25,17655,1140,96,14124.14,180609.39
CAM006,2025-03-26,18791,1082,90,15032.82,158220.64
CAM007,2026-06-16,55064,3801,422,44051.96,991271.8
CAM007,2026-06-17,51475,3347,343,41180.31,722684.94
CAM007,2026-06-18,52728,3384,375,42182.74,834306.22
CAM007,2026-06-19,50613,3229,314,40490.93,764364.51
CAM007,2026-06-20,56762,3592,370,45410.06,792135.26
CAM007,2026-06-21,54865,3750,367,43892.3,779680.19
CAM007,2026-06-22,53761,3498,369,43009.35,868694.58
CAM007,2026-06-23,51174,3461,390,40939.86,974565.2
CAM007,2026-06-24,53817,3904,400,43054.24,999095.84
CAM007,2026-06-25,50688,3180,351,40550.99,761539.79
CAM007,2026-06-26,57047,4199,468,45637.78,1187393.66
CAM008,2025-01-01,61994,2627,216,27897.57,363945.8
CAM008,2025-01-02,58945,2207,166,26525.67,276580.04
CAM008,2025-01-03,59814,2516,200,26916.36,338980.37
CAM008,2025-01-04,59350,2289,197,26707.7,302359.64
CAM008,2025-01-05,53785,2260,171,24203.34,261950.29
CAM008,2025-01-06,59486,2470,181,26768.83,302792.94
CAM008,2025-01-07,62163,2587,228,27973.41,401499.34
CAM008,2025-01-08,61311,2356,188,27589.96,326398.08
CAM008,2025-01-09,52667,2068,155,23700.48,248750.82
CAM008,2025-01-10,57434,2311,196,25845.48,319056.75
CAM008,2025-01-11,57702,2360,207,25966.11,412008.87
CAM008,2025-01-12,57794,2211,183,26007.62,297080.93
CAM008,2025-01-13,53090,2199,180,23890.5,329923.8
CAM008,2025-01-14,61571,2662,197,27707.38,312285.89
CAM008,2025-01-15,60741,2442,210,27333.9,429715.03
CAM008,2025-01-16,57746,2278,187,25985.95,329938.98
CAM008,2025-01-17,57724,2245,163,25975.81,294558.15
CAM008,2025-01-18,55168,2320,178,24825.92,291043.0
CAM009,2026-06-12,43182,2836,269,34545.74,534581.5
CAM009,2026-06-13,47412,2886,246,37930.05,490782.73
CAM009,2026-06-14,44316,2892,234,35453.47,476793.11
CAM009,2026-06-15,40620,2271,188,32496.38,294109.88
CAM009,2026-06-16,47244,2796,248,37795.92,442262.86
CAM009,2026-06-17,46028,3033,268,36822.43,420795.31
CAM009,2026-06-18,41764,2511,209,33411.39,408073.15
CAM009,2026-06-19,42782,2440,208,34225.97,380743.35
CAM009,2026-06-20,47524,2992,283,38019.58,563842.67
CAM009,2026-06-21,46116,2562,236,36893.52,485148.75
CAM010,2025-07-11,27493,1178,100,12372.12,241323.52
CAM010,2025-07-12,26164,1155,83,11774.08,204255.33
CAM010,2025-07-13,27695,1179,102,12463.06,244526.48
CAM010,2025-07-14,23700,899,72,10665.01,194780.98
CAM010,2025-07-15,28718,1229,93,12923.23,201058.68
CAM010,2025-07-16,25229,1069,84,11353.08,192362.63
CAM010,2025-07-17,25207,935,72,11343.24,179667.85
CAM010,2025-07-18,25551,973,81,11498.38,218164.1
CAM010,2025-07-19,26104,1045,87,11747.05,187287.43
CAM010,2025-07-20,24272,907,75,10922.74,198267.62
CAM010,2025-07-21,24799,990,77,11159.58,175802.16
CAM010,2025-07-22,25368,951,77,11415.98,163592.9
CAM010,2025-07-23,23565,962,77,10604.5,169466.77
CAM010,2025-07-24,27923,1097,81,12565.59,189089.81
CAM010,2025-07-25,26968,1071,90,12136.03,212751.44
CAM011,2026-07-31,23278,1653,174,18623.03,337630.94
CAM011,2026-08-01,20839,1464,150,16671.49,310034.06
CAM011,2026-08-02,21902,1375,132,17521.97,341131.29
CAM011,2026-08-03,21822,1649,174,17458.38,420867.68
CAM011,2026-08-04,20672,1443,156,16538.06,299049.94
CAM011,2026-08-05,21143,1555,147,16915.03,289080.8
CAM011,2026-08-06,20532,1287,121,16426.0,296928.09
CAM011,2026-08-07,20747,1322,134,16598.28,298278.22
CAM011,2026-08-08,21430,1528,146,17144.02,305640.92
CAM011,2026-08-09,20097,1439,158,16077.92,339582.64
CAM011,2026-08-10,21484,1370,143,17187.46,354269.19
CAM012,2025-11-15,81566,2982,224,36705.02,600418.4
CAM012,2025-11-16,94766,3947,338,42645.07,771704.97
CAM012,2025-11-17,84588,3470,268,38064.63,726256.76
CAM012,2025-11-18,82445,3562,315,37100.48,812880.81
CAM012,2025-11-19,92999,3725,312,41849.57,768296.4
CAM012,2025-11-20,78400,2901,246,35280.25,624033.25
CAM012,2025-11-21,93594,3840,278,42117.73,662157.45
CAM012,2025-11-22,79143,2871,218,35614.62,450644.56
CAM013,2026-02-09,59665,2654,266,26849.49,717031.87
CAM013,2026-02-10,56978,2602,245,25640.54,690507.33
CAM013,2026-02-11,63390,3198,328,28525.8,898993.43
CAM013,2026-02-12,66769,2975,301,30046.49,892027.72
CAM013,2026-02-13,63049,3162,293,28372.38,966073.38
CAM013,2026-02-14,64113,3114,285,28851.03,748608.15
CAM013,2026-02-15,58240,2484,233,26208.14,612199.4
CAM013,2026-02-16,57216,2676,270,25747.23,786941.36
CAM013,2026-02-17,58766,2892,261,26445.08,700396.43
CAM013,2026-02-18,62882,2970,253,28297.0,829197.09
CAM013,2026-02-19,60224,2908,252,27100.84,712587.45
CAM013,2026-02-20,65651,2827,278,29543.22,768912.91
CAM013,2026-02-21,65787,3338,329,29604.17,1131183.82
CAM013,2026-02-22,64675,3281,287,29103.75,746358.44
CAM014,2026-04-21,83012,1696,65,24903.67,121900.15
CAM014,2026-04-22,82595,1670,61,24778.59,93216.4
CAM014,2026-04-23,78413,1575,61,23523.97,99337.23
CAM014,2026-04-24,88461,1943,70,26538.54,131576.47
CAM014,2026-04-25,80774,1542,61,24232.45,102302.56
CAM014,2026-04-26,74053,1594,59,22216.09,113522.79
CAM014,2026-04-27,87246,1737,67,26174.05,110618.68
CAM014,2026-04-28,77593,1557,58,23277.96,107509.37
CAM014,2026-04-29,76163,1411,61,22848.91,96392.87
CAM014,2026-04-30,80748,1693,73,24224.68,122141.5
CAM014,2026-05-01,87738,1690,64,26321.66,115098.56
CAM014,2026-05-02,82799,1710,65,24839.84,94226.69
CAM014,2026-05-03,88502,1642,63,26550.78,119055.51
CAM014,2026-05-04,84966,1852,73,25489.81,105635.01
CAM014,2026-05-05,86062,1602,62,25818.82,105765.92
CAM014,2026-05-06,81671,1556,64,24501.53,96846.65
CAM014,2026-05-07,85243,1577,69,25573.16,121300.8
CAM015,2025-09-04,20263,1510,155,16210.65,366199.44
CAM015,2025-09-05,22735,1678,167,18188.15,417650.63
CAM015,2025-09-06,19868,1500,141,15894.5,327091.99
CAM015,2025-09-07,22102,1462,159,17682.11,433419.51
CAM015,2025-09-08,22460,1576,157,17968.66,429409.44
CAM015,2025-09-09,21737,1623,153,17390.07,317403.43
CAM015,2025-09-10,21714,1401,138,17371.9,375589.47
CAM015,2025-09-11,20782,1426,141,16625.85,359952.41
CAM015,2025-09-12,20698,1466,152,16558.88,365826.05
CAM015,2025-09-13,21933,1464,160,17546.69,438830.33
CAM016,2025-04-03,139279,3291,147,41783.83,254750.98
CAM016,2025-04-04,115985,2567,112,34795.8,209407.76
CAM016,2025-04-05,128071,2803,133,38421.46,227834.35
CAM016,2025-04-06,126008,3091,132,37802.45,208569.76
CAM016,2025-04-07,139212,3424,148,41763.64,269492.08
CAM016,2025-04-08,133742,3187,147,40122.71,230421.23
CAM016,2025-04-09,126927,3172,140,38078.17,235278.47
CAM016,2025-04-10,128372,3227,158,38511.89,231973.88
CAM016,2025-04-11,117575,2542,108,35272.53,179390.44
CAM016,2025-04-12,117600,2664,123,35280.07,179544.13
CAM017,2025-07-26,15152,586,38,12122.31,49033.74
CAM017,2025-07-27,15371,665,38,12297.0,46320.28
CAM017,2025-07-28,15346,596,38,12276.84,58019.74
CAM017,2025-07-29,14875,567,35,11900.26,45643.08
CAM017,2025-07-30,17436,758,50,13949.29,57534.42
CAM017,2025-07-31,14643,571,37,11714.47,52211.39
CAM017,2025-08-01,15842,730,50,12674.1,59055.97
CAM017,2025-08-02,15912,650,37,12729.69,49867.66
CAM017,2025-08-03,17068,673,44,13654.8,57630.63
CAM017,2025-08-04,17515,666,41,14012.17,57960.36
CAM018,2025-11-22,36268,1422,104,16321.0,253483.45
CAM018,2025-11-23,32744,1276,100,14734.86,273544.65
CAM018,2025-11-24,33864,1280,104,15239.03,278226.53
CAM018,2025-11-25,35748,1371,112,16086.97,267823.71
CAM018,2025-11-26,34042,1436,104,15319.15,254413.04
CAM018,2025-11-27,35655,1317,113,16045.01,249444.14
CAM018,2025-11-28,34365,1326,116,15464.61,285463.05
CAM018,2025-11-29,36537,1595,136,16442.0,324639.49
CAM018,2025-11-30,32341,1252,98,14553.5,213018.25
CAM018,2025-12-01,32234,1340,101,14505.41,230108.66
CAM018,2025-12-02,34654,1332,112,15594.66,231503.51
CAM018,2025-12-03,31065,1141,89,13979.3,215591.75
CAM018,2025-12-04,35092,1363,113,15791.62,285329.71
CAM018,2025-12-05,32039,1165,95,14417.67,256175.89
CAM018,2025-12-06,37295,1492,123,16782.78,288947.61
CAM018,2025-12-07,36547,1428,106,16446.56,281103.36
CAM018,2025-12-08,33455,1336,108,15054.86,273863.27
CAM019,2025-02-24,50172,1372,68,16055.07,118411.0
CAM019,2025-02-25,58462,1688,79,18708.05,111798.71
CAM019,2025-02-26,50456,1421,73,16146.04,105265.55
CAM019,2025-02-27,51812,1512,77,16579.97,104830.44
CAM019,2025-02-28,52241,1596,84,16717.34,135499.58
CAM019,2025-03-01,54011,1706,79,17283.76,103228.56
CAM019,2025-03-02,51404,1385,76,16449.33,111413.56
CAM019,2025-03-03,50998,1610,78,16319.67,134559.72
CAM019,2025-03-04,57566,1614,84,18421.25,145859.84
CAM019,2025-03-05,56544,1573,84,18094.14,109701.58
CAM019,2025-03-06,53292,1449,71,17053.5,100536.82
CAM019,2025-03-07,48417,1320,61,15493.76,106652.71
CAM019,2025-03-08,51142,1421,79,16365.53,109700.74
CAM020,2025-09-22,93289,2159,87,29852.67,142200.58
CAM020,2025-09-23,93521,2125,95,29926.81,168097.44
CAM020,2025-09-24,88860,2059,94,28435.41,156978.09
CAM020,2025-09-25,86561,1983,94,27699.8,153753.86
CAM020,2025-09-26,97553,2310,93,31217.18,150312.79
CAM020,2025-09-27,91434,2199,91,29259.19,168465.89
CAM020,2025-09-28,86747,2008,98,27759.11,197011.59
CAM020,2025-09-29,89530,2422,111,28649.69,186833.09
CAM020,2025-09-30,93390,2197,93,29885.05,142507.59
CAM020,2025-10-01,82415,1882,88,26372.85,177879.77
CAM020,2025-10-02,87705,2038,99,28065.71,171625.1
CAM020,2025-10-03,90456,2345,97,28946.1,196835.76
CAM020,2025-10-04,97457,2487,114,31186.35,185245.19
CAM021,2026-03-15,38782,529,13,11634.66,20713.69
CAM021,2026-03-16,35871,462,11,10761.45,18450.66
CAM021,2026-03-17,38505,496,14,11551.7,25358.99
CAM021,2026-03-18,40413,564,16,12123.99,26665.69
CAM021,2026-03-19,40638,538,14,12191.66,24137.6
CAM021,2026-03-20,39133,505,14,11740.16,23843.91
CAM021,2026-03-21,35336,492,13,10600.88,20876.03
CAM021,2026-03-22,34255,496,14,10276.51,20648.74
CAM021,2026-03-23,38830,533,15,11649.13,27386.78
CAM021,2026-03-24,38151,552,15,11445.49,22080.31
CAM021,2026-03-25,36821,539,14,11046.48,21506.51
CAM021,2026-03-26,40044,607,15,12013.47,24715.95
CAM021,2026-03-27,35861,536,13,10758.54,21301.84
CAM022,2025-06-07,29999,1258,100,13499.67,190145.91
CAM022,2025-06-08,31246,1289,110,14061.03,208415.5
CAM022,2025-06-09,27685,1182,103,12458.31,158847.54
CAM022,2025-06-10,28044,1076,85,12619.92,154789.78
CAM022,2025-06-11,27218,1173,87,12248.34,161728.14
CAM022,2025-06-12,26363,978,84,11863.46,146748.96
CAM022,2025-06-13,27181,1098,95,12231.84,169452.27
CAM022,2025-06-14,31432,1226,108,14144.64,209437.47
CAM022,2025-06-15,31241,1170,87,14058.5,154052.26
CAM022,2025-06-16,30361,1158,88,13662.85,145309.46
CAM022,2025-06-17,26302,984,85,11836.03,156033.97
CAM022,2025-06-18,26190,1090,79,11785.76,133557.98
CAM022,2025-06-19,28958,1172,97,13031.13,151567.19
CAM022,2025-06-20,30526,1142,83,13736.75,160912.78
CAM022,2025-06-21,26576,1049,87,11959.24,140105.58
CAM023,2025-02-01,48023,2272,194,21610.75,910763.11
CAM023,2025-02-02,55192,2462,240,24836.7,1062268.79
CAM023,2025-02-03,47876,2211,198,21544.63,786898.21
CAM023,2025-02-04,47508,2347,222,21378.95,946770.04
CAM023,2025-02-05,56399,2787,282,25379.87,1284335.81
CAM023,2025-02-06,56931,2802,265,25619.28,1060011.05
CAM023,2025-02-07,49271,2304,205,22172.26,900684.33
CAM023,2025-02-08,57878,2489,233,26045.36,1119183.62
CAM023,2025-02-09,52835,2724,237,23775.9,985034.96
CAM023,2025-02-10,47570,2247,230,21406.62,1054807.95
CAM023,2025-02-11,53963,2740,238,24283.45,1098094.72
CAM024,2026-01-03,31552,1116,66,10096.72,121490.14
CAM024,2026-01-04,30583,1130,63,9786.6,104693.09
CAM024,2026-01-05,28766,1030,60,9205.42,117135.71
CAM024,2026-01-06,26830,926,52,8585.67,103116.96
CAM024,2026-01-07,29860,946,54,9555.28,100856.09
CAM024,2026-01-08,28604,870,48,9153.42,80343.26
CAM024,2026-01-09,28027,1011,67,8968.74,102776.83
CAM024,2026-01-10,31452,1044,58,10064.95,115897.47
CAM024,2026-01-11,27632,986,61,8842.28,100262.29
CAM024,2026-01-12,30087,926,55,9628.13,87042.84
CAM024,2026-01-13,29641,1050,63,9485.17,111132.95
CAM024,2026-01-14,28022,892,51,8967.35,99122.44
CAM024,2026-01-15,28047,1015,61,8975.34,101045.04
CAM024,2026-01-16,31941,1126,66,10221.29,123311.92
CAM024,2026-01-17,29085,947,53,9307.41,98664.6
CAM024,2026-01-18,28423,873,49,9095.63,87892.79
CAM025,2026-03-31,45903,2716,260,36723.07,562244.31
CAM025,2026-04-01,53697,3343,305,42957.64,552459.98
CAM025,2026-04-02,47934,2599,250,38347.72,419948.8
CAM025,2026-04-03,49213,3131,309,39370.5,626922.98
CAM025,2026-04-04,48341,2756,257,38673.21,549098.97
CAM025,2026-04-05,51107,3270,299,40885.98,613594.22
CAM025,2026-04-06,48843,2848,280,39074.64,601647.48
CAM025,2026-04-07,49099,3120,260,39279.62,531958.47
CAM025,2026-04-08,51201,2907,267,40960.86,529015.84
CAM026,2026-05-08,45607,1089,53,13682.13,100778.86
CAM026,2026-05-09,48924,1234,53,14677.23,106881.82
CAM026,2026-05-10,46042,1060,48,13812.78,97485.32
CAM026,2026-05-11,50114,1054,52,15034.46,110056.8
CAM026,2026-05-12,43230,956,44,12969.14,83143.15
CAM026,2026-05-13,47856,1138,47,14356.87,101661.03
CAM026,2026-05-14,45671,1129,53,13701.59,116511.7
CAM026,2026-05-15,43916,1034,44,13174.94,81079.06
CAM026,2026-05-16,50294,1110,53,15088.48,111588.24
CAM026,2026-05-17,43101,1059,50,12930.52,98745.1
CAM026,2026-05-18,49478,1175,56,14843.61,100799.44
CAM026,2026-05-19,47290,1181,50,14187.13,104690.32
CAM026,2026-05-20,48322,1141,49,14496.73,112554.4
CAM026,2026-05-21,44615,1087,50,13384.52,97452.54
CAM026,2026-05-22,49517,1141,51,14855.26,98452.29
CAM026,2026-05-23,47315,1042,51,14194.6,110094.94
CAM026,2026-05-24,48149,1080,46,14444.76,83235.3
CAM026,2026-05-25,47875,1033,50,14362.74,105340.12
CAM026,2026-05-26,50607,1110,51,15182.38,106057.61
CAM026,2026-05-27,45428,1101,48,13628.46,110714.98
CAM026,2026-05-28,44516,1031,46,13354.88,103364.58
CAM026,2026-05-29,48151,1039,51,14445.48,113679.36
CAM027,2025-01-08,118155,2610,112,33083.66,272891.92
CAM027,2025-01-09,105656,2193,82,29583.86,182147.88
CAM027,2025-01-10,120075,2591,111,33621.07,271257.22
CAM027,2025-01-11,123436,2651,112,34562.28,235503.88
CAM027,2025-01-12,118177,2678,105,33089.62,253250.89
CAM027,2025-01-13,110788,2429,101,31020.82,191486.54
CAM027,2025-01-14,118115,2556,99,33072.23,232395.16
CAM027,2025-01-15,121984,2576,106,34155.73,214281.66
CAM027,2025-01-16,111015,2076,83,31084.21,171388.26
CAM027,2025-01-17,105329,2057,90,29492.2,213394.98
CAM027,2025-01-18,111222,2360,95,31142.41,224778.35
CAM027,2025-01-19,108703,2347,94,30436.96,190762.71
CAM027,2025-01-20,104170,2343,85,29167.81,182417.22
CAM027,2025-01-21,111629,2363,86,31256.25,170794.08
CAM027,2025-01-22,111229,2102,80,31144.15,181725.64
CAM028,2026-01-12,35909,2104,173,28727.84,387021.49
CAM028,2026-01-13,38695,2452,234,30956.13,488778.83
CAM028,2026-01-14,37663,2437,228,30130.99,491894.37
CAM028,2026-01-15,38170,2513,224,30536.09,492352.0
CAM028,2026-01-16,38975,2414,196,31180.26,486870.13
CAM028,2026-01-17,37400,2202,205,29920.03,522674.55
CAM028,2026-01-18,32698,1896,160,26158.4,392612.87
CAM028,2026-01-19,34558,2270,202,27646.82,387778.81
CAM028,2026-01-20,38475,2259,218,30780.2,455878.58
CAM028,2026-01-21,35086,1989,180,28068.97,348428.92
CAM028,2026-01-22,33627,1924,181,26902.4,433395.27
CAM028,2026-01-23,32741,1852,171,26192.88,361739.66
CAM028,2026-01-24,37892,2136,195,30314.06,401029.03
CAM028,2026-01-25,34360,2106,205,27488.04,497943.41
CAM028,2026-01-26,37158,2154,201,29726.43,460675.8
CAM029,2025-06-02,55570,2186,174,25006.86,488686.4
CAM029,2025-06-03,62839,2440,192,28277.68,579774.47
CAM029,2025-06-04,65771,2712,206,29597.01,599678.26
CAM029,2025-06-05,59228,2241,192,26653.03,500894.06
CAM029,2025-06-06,63265,2480,197,28469.68,620297.14
CAM029,2025-06-07,65488,2554,185,29469.68,603540.26
CAM029,2025-06-08,55320,2385,188,24894.36,485223.59
CAM029,2025-06-09,59995,2585,216,26997.78,726382.66
CAM029,2025-06-10,54619,2180,185,24578.82,618179.37
CAM029,2025-06-11,63033,2581,226,28365.09,577377.06
CAM029,2025-06-12,57461,2110,164,25857.72,562432.12
CAM029,2025-06-13,59960,2622,203,26982.29,539981.43
CAM029,2025-06-14,64964,2778,221,29234.22,699418.89
CAM030,2025-01-17,31474,765,33,10071.94,91323.76
CAM030,2025-01-18,32188,856,37,10300.33,88907.97
CAM030,2025-01-19,30601,824,40,9792.52,111207.38
CAM030,2025-01-20,31279,767,34,10009.31,87412.52
CAM030,2025-01-21,32868,768,37,10517.99,87807.95
CAM030,2025-01-22,29386,799,33,9403.73,90020.99
CAM030,2025-01-23,28719,689,30,9190.16,85574.45
CAM030,2025-01-24,30669,697,32,9814.34,82566.26
CAM030,2025-01-25,31473,796,38,10071.39,105961.35
CAM030,2025-01-26,33003,890,42,10561.11,102745.57
CAM030,2025-01-27,29146,798,37,9326.82,86856.66
CAM030,2025-01-28,29269,680,28,9366.36,66620.63
CAM030,2025-01-29,30002,746,34,9600.92,96147.85
CAM030,2025-01-30,28712,754,34,9188.07,91126.44
CAM030,2025-01-31,33199,820,35,10623.72,106154.26
CAM030,2025-02-01,27805,707,30,8897.7,89999.35
CAM030,2025-02-02,29395,800,34,9406.61,81908.67
CAM030,2025-02-03,30665,840,35,9813.09,96688.05
CAM030,2025-02-04,29141,754,32,9325.37,86789.09
CAM030,2025-02-05,32725,750,36,10472.14,101169.51
CAM031,2025-09-10,31429,1862,168,25143.56,450873.26
CAM031,2025-09-11,29530,1707,149,23624.3,463349.02
CAM031,2025-09-12,33539,2174,178,26831.48,638204.23
CAM031,2025-09-13,31579,1776,159,25263.37,439310.79
CAM031,2025-09-14,32067,1965,182,25653.8,504604.1
CAM031,2025-09-15,34336,2089,170,27468.98,557982.5
CAM031,2025-09-16,30796,1675,143,24636.9,388110.46
CAM031,2025-09-17,32454,2026,190,25963.83,666638.69
CAM031,2025-09-18,31130,1739,151,24904.58,413181.52
CAM031,2025-09-19,31600,1734,166,25280.36,589852.59
CAM031,2025-09-20,31104,1886,185,24883.96,640018.3
CAM031,2025-09-21,31495,1822,161,25196.51,479500.84
CAM031,2025-09-22,29671,1621,143,23736.81,446387.3
CAM031,2025-09-23,31158,1905,172,24927.16,566034.03
CAM031,2025-09-24,30361,1777,147,24289.09,404243.47
CAM031,2025-09-25,30145,1861,161,24116.27,559493.15
CAM031,2025-09-26,34264,2107,182,27411.58,610223.74
CAM031,2025-09-27,31085,1874,155,24868.36,492611.47
CAM032,2025-02-19,54222,1048,46,15182.33,116826.3
CAM032,2025-02-20,60201,1348,55,16856.48,157249.86
CAM032,2025-02-21,53206,1085,40,14897.71,132391.91
CAM032,2025-02-22,60412,1126,41,16915.45,116181.72
CAM032,2025-02-23,55314,1100,47,15488.07,151312.31
CAM032,2025-02-24,61823,1327,53,17310.49,138757.48
CAM032,2025-02-25,52137,1148,47,14598.62,148747.49
CAM032,2025-02-26,57692,1224,49,16153.87,159539.11
CAM032,2025-02-27,56040,1264,54,15691.3,167339.76
CAM032,2025-02-28,51182,1098,40,14331.07,129739.43
CAM032,2025-03-01,58673,1255,54,16428.58,175312.08
CAM032,2025-03-02,61335,1286,53,17173.83,160105.9
CAM032,2025-03-03,58444,1183,44,16364.37,129711.33
CAM032,2025-03-04,59224,1196,49,16582.73,147784.84
CAM033,2025-02-13,27343,670,34,8203.03,74482.02
CAM033,2025-02-14,26147,765,37,7844.24,61337.97
CAM033,2025-02-15,26158,715,35,7847.54,62878.34
CAM033,2025-02-16,22824,639,37,6847.44,72671.01
CAM033,2025-02-17,24133,612,30,7239.96,52876.2
CAM033,2025-02-18,24831,606,32,7449.36,69196.75
CAM033,2025-02-19,25510,703,38,7653.24,65927.84
CAM033,2025-02-20,26313,715,36,7894.12,72942.69
CAM033,2025-02-21,26944,693,35,8083.43,66595.22
CAM033,2025-02-22,24491,657,32,7347.51,56441.85
CAM033,2025-02-23,25725,681,33,7717.62,67807.89
CAM033,2025-02-24,25733,671,38,7720.06,70496.44
CAM034,2025-04-23,28432,1002,68,12794.59,166740.52
CAM034,2025-04-24,30124,1151,79,13555.94,233205.76
CAM034,2025-04-25,27565,887,64,12404.28,147655.49
CAM034,2025-04-26,28926,958,72,13017.01,164783.12
CAM034,2025-04-27,27649,982,71,12442.23,206142.93
CAM034,2025-04-28,25844,863,55,11630.08,153885.77
CAM034,2025-04-29,30085,1065,77,13538.66,178241.54
CAM034,2025-04-30,28950,1071,74,13027.75,173948.6
CAM034,2025-05-01,28518,959,62,12833.49,175835.8
CAM034,2025-05-02,30299,959,68,13634.89,195625.35
CAM034,2025-05-03,28416,1093,79,12787.42,233824.39
CAM034,2025-05-04,28292,955,61,12731.54,170568.21
CAM034,2025-05-05,29147,1004,71,13116.52,166289.43
CAM034,2025-05-06,25820,816,53,11619.33,123865.13
CAM034,2025-05-07,25733,953,65,11580.04,189991.61
CAM034,2025-05-08,30965,1068,81,13934.4,232983.75
CAM034,2025-05-09,27151,958,69,12218.07,184109.8
CAM034,2025-05-10,26149,918,64,11767.18,179046.97
CAM034,2025-05-11,27627,1005,66,12432.59,162090.81
CAM035,2025-07-22,81707,2093,91,26146.36,299873.45
CAM035,2025-07-23,81502,2238,92,26080.91,287200.13
CAM035,2025-07-24,83511,2016,88,26723.52,309030.29
CAM035,2025-07-25,79051,1983,82,25296.43,250865.6
CAM035,2025-07-26,80994,1962,93,25918.22,356176.73
CAM035,2025-07-27,81555,1867,78,26097.66,316348.05
CAM035,2025-07-28,77798,2131,103,24895.64,361826.68
CAM035,2025-07-29,79353,2123,92,25393.17,290214.75
CAM035,2025-07-30,80384,2129,94,25723.0,371402.28
CAM035,2025-07-31,79775,1808,86,25528.11,308536.86
CAM035,2025-08-01,79209,2020,86,25347.02,266091.99
CAM036,2025-05-09,19569,458,24,8806.14,46781.46
CAM036,2025-05-10,18476,447,20,8314.54,32652.34
CAM036,2025-05-11,20149,458,20,9067.11,35032.75
CAM036,2025-05-12,18805,483,21,8462.39,36711.27
CAM036,2025-05-13,20506,548,24,9227.75,41549.9
CAM036,2025-05-14,21421,525,23,9639.68,36133.21
CAM036,2025-05-15,21487,479,22,9669.54,43544.93
CAM036,2025-05-16,20298,519,27,9134.26,42840.67
CAM036,2025-05-17,19850,514,23,8932.77,37685.55
CAM036,2025-05-18,18531,476,25,8339.29,45452.18
CAM036,2025-05-19,19725,510,25,8876.38,40896.1
CAM036,2025-05-20,19959,537,26,8981.91,48714.76
CAM036,2025-05-21,19744,463,22,8884.96,38179.78
CAM036,2025-05-22,17999,415,18,8099.87,29680.46
CAM036,2025-05-23,18451,465,22,8303.05,41963.37
CAM036,2025-05-24,18766,424,22,8444.81,42972.48
CAM036,2025-05-25,18927,437,20,8517.5,32958.76
CAM036,2025-05-26,20109,517,25,9049.38,44375.45
CAM036,2025-05-27,21703,546,28,9766.52,54982.75
CAM036,2025-05-28,18525,437,23,8336.67,42515.37
CAM036,2025-05-29,21655,494,22,9745.13,41860.6
CAM036,2025-05-30,20996,506,25,9448.21,47475.82
CAM037,2025-10-21,72096,3146,264,32443.27,567342.1
CAM037,2025-10-22,72941,2699,212,32823.86,577298.0
CAM037,2025-10-23,75093,2795,217,33792.18,478919.7
CAM037,2025-10-24,72423,2719,227,32590.67,513680.34
CAM037,2025-10-25,75539,2924,249,33992.95,651150.22
CAM037,2025-10-26,73856,3110,260,33235.54,585843.28
CAM037,2025-10-27,64637,2376,200,29086.94,437489.71
CAM037,2025-10-28,70696,3066,224,31813.43,582841.26
CAM038,2026-01-17,14794,607,44,6657.69,106118.16
CAM038,2026-01-18,13114,476,38,5901.47,102796.31
CAM038,2026-01-19,13186,520,40,5933.95,99120.81
CAM038,2026-01-20,13615,498,43,6126.86,91871.83
CAM038,2026-01-21,13750,570,44,6187.73,114789.48
CAM038,2026-01-22,14502,548,44,6526.25,95061.18
CAM038,2026-01-23,14346,592,51,6455.94,116725.19
CAM038,2026-01-24,15000,573,43,6750.27,109336.69
CAM038,2026-01-25,13238,498,40,5957.15,89822.92
CAM038,2026-01-26,13861,529,43,6237.47,115518.68
CAM038,2026-01-27,14557,644,52,6550.83,131704.24
CAM038,2026-01-28,14946,657,55,6725.95,128364.31
CAM038,2026-01-29,14717,603,47,6622.92,125476.11
CAM038,2026-01-30,14995,631,46,6747.87,113293.5
CAM038,2026-01-31,14731,606,47,6628.97,107249.02
CAM038,2026-02-01,15481,674,51,6966.73,109211.14
CAM038,2026-02-02,15679,662,57,7055.57,119761.69
CAM039,2025-06-28,61144,1566,93,23234.99,205038.58
CAM039,2025-06-29,65036,1502,80,24713.91,203647.76
CAM039,2025-06-30,61522,1453,83,23378.62,161460.49
CAM039,2025-07-01,54403,1418,75,20673.24,165287.85
CAM039,2025-07-02,62047,1610,96,23577.88,220765.73
CAM039,2025-07-03,56787,1333,75,21579.07,175772.19
CAM039,2025-07-04,58643,1604,100,22284.69,209347.09
CAM039,2025-07-05,61726,1635,96,23455.96,224828.72
CAM039,2025-07-06,63774,1478,87,24234.15,206987.75
CAM039,2025-07-07,55439,1281,78,21067.16,175455.89
CAM039,2025-07-08,56188,1318,75,21351.73,151118.31
CAM039,2025-07-09,64438,1488,78,24486.65,165562.56
CAM039,2025-07-10,65050,1669,87,24719.11,192067.98
CAM039,2025-07-11,58879,1397,79,22374.37,164013.83
CAM039,2025-07-12,61036,1622,84,23193.96,175375.88
CAM039,2025-07-13,63338,1622,93,24068.49,237640.92
CAM039,2025-07-14,64341,1709,95,24449.86,184433.73
CAM039,2025-07-15,60852,1590,95,23123.76,184899.11
CAM039,2025-07-16,63855,1664,90,24264.95,209225.89
CAM040,2026-06-11,25768,665,28,8245.76,66400.86
CAM040,2026-06-12,26823,679,29,8583.44,82493.5
CAM040,2026-06-13,27717,727,30,8869.73,76993.27
CAM040,2026-06-14,29475,741,33,9432.21,98165.4
CAM040,2026-06-15,29480,810,38,9433.84,115293.3
CAM040,2026-06-16,28157,702,28,9010.32,79922.54
CAM040,2026-06-17,28106,684,32,8994.23,89385.3
CAM040,2026-06-18,27426,718,31,8776.41,87761.38
CAM040,2026-06-19,26802,690,29,8576.75,78198.67
CAM040,2026-06-20,26285,677,29,8411.43,73213.44
CAM040,2026-06-21,28309,642,30,9059.18,89866.19
CAM040,2026-06-22,24494,626,30,7838.16,73622.23
CAM040,2026-06-23,28585,701,34,9147.46,88014.23
CAM040,2026-06-24,28836,709,32,9227.57,83039.04
CAM040,2026-06-25,24501,578,25,7840.51,70550.88
CAM040,2026-06-26,25273,655,27,8087.54,73115.19
CAM040,2026-06-27,27660,739,33,8851.28,91572.7
CAM040,2026-06-28,28367,680,33,9077.58,88825.37
CAM041,2025-04-11,50998,1888,124,22949.38,281319.61
CAM041,2025-04-12,48497,1597,121,21824.05,277587.81
CAM041,2025-04-13,44495,1690,106,20022.94,290141.68
CAM041,2025-04-14,47675,1597,101,21454.17,279541.54
CAM041,2025-04-15,48838,1663,115,21977.25,284484.69
CAM041,2025-04-16,45771,1561,106,20597.07,306644.08
CAM041,2025-04-17,43494,1656,104,19572.33,249280.28
CAM041,2025-04-18,46386,1736,119,20874.01,275942.73
CAM041,2025-04-19,50443,1669,105,22699.75,248339.3
CAM041,2025-04-20,45936,1646,117,20671.3,285048.84
CAM041,2025-04-21,49177,1565,117,22129.69,338311.23
CAM041,2025-04-22,47685,1690,111,21458.38,331579.28
CAM041,2025-04-23,50665,1668,125,22799.47,305008.82
CAM041,2025-04-24,47336,1665,113,21301.3,289694.75
CAM041,2025-04-25,48382,1727,132,21772.01,385384.58
CAM041,2025-04-26,46499,1548,115,20924.71,327903.94
CAM041,2025-04-27,47094,1513,101,21192.51,275890.91
CAM041,2025-04-28,42665,1352,98,19199.25,278729.36
CAM042,2026-01-24,17198,416,17,5503.55,26081.15
CAM042,2026-01-25,16499,389,16,5279.71,26739.1
CAM042,2026-01-26,19537,470,20,6252.04,33167.96
CAM042,2026-01-27,18762,489,20,6004.04,34968.82
CAM042,2026-01-28,16838,443,19,5388.39,31451.19
CAM042,2026-01-29,17538,434,19,5612.4,25471.71
CAM042,2026-01-30,17086,467,19,5467.67,28470.9
CAM042,2026-01-31,18752,428,17,6000.95,27758.58
CAM042,2026-02-01,16627,376,17,5320.87,24502.43
CAM042,2026-02-02,16674,453,18,5335.94,24981.94
CAM042,2026-02-03,16652,394,16,5328.67,25963.57
CAM042,2026-02-04,17360,465,21,5555.5,36419.43
CAM042,2026-02-05,18503,501,21,5921.1,36320.44
CAM042,2026-02-06,16776,401,16,5368.45,24766.21
CAM042,2026-02-07,18744,474,19,5998.31,27244.3
CAM042,2026-02-08,19039,430,19,6092.52,32228.46
CAM042,2026-02-09,17489,447,19,5596.62,32605.84
CAM043,2025-10-14,41093,907,39,11506.3,96678.26
CAM043,2025-10-15,37854,805,32,10599.21,72626.32
CAM043,2025-10-16,45828,912,39,12831.95,75157.93
CAM043,2025-10-17,44884,920,38,12567.66,92004.35
CAM043,2025-10-18,39242,818,34,10987.88,79839.47
CAM043,2025-10-19,45973,930,39,12872.5,85453.58
CAM043,2025-10-20,44718,841,32,12521.22,75034.63
CAM043,2025-10-21,41805,849,35,11705.4,73110.25
CAM043,2025-10-22,45006,1006,40,12601.92,93502.06
CAM043,2025-10-23,42487,942,40,11896.46,91063.15
CAM043,2025-10-24,40952,815,35,11466.81,84637.62
CAM043,2025-10-25,45324,893,36,12690.89,84751.96
CAM043,2025-10-26,41368,819,31,11583.25,66593.41
CAM043,2025-10-27,45989,903,38,12877.1,92791.93
CAM043,2025-10-28,43686,887,38,12232.09,86110.72
CAM043,2025-10-29,43028,923,38,12047.86,94254.28
CAM043,2025-10-30,42463,911,36,11889.69,82851.62
CAM044,2025-04-23,75550,1706,85,22665.25,123051.62
CAM044,2025-04-24,74900,1795,88,22470.19,126560.06
CAM044,2025-04-25,82630,1766,82,24789.05,113261.79
CAM044,2025-04-26,76100,1748,75,22830.23,121426.87
CAM044,2025-04-27,81199,2028,97,24359.96,156736.18
CAM044,2025-04-28,71457,1539,76,21437.24,123201.33
CAM044,2025-04-29,72347,1817,83,21704.25,133923.53
CAM044,2025-04-30,81279,1718,79,24383.92,109068.78
CAM044,2025-05-01,75513,1856,86,22654.02,133089.72
CAM044,2025-05-02,75389,1906,95,22616.71,122782.19
CAM044,2025-05-03,72651,1632,78,21795.46,124027.49
CAM044,2025-05-04,78000,1787,81,23400.11,113363.87
CAM044,2025-05-05,80862,1853,77,24258.78,121687.69
CAM044,2025-05-06,73359,1684,82,22007.8,120583.55
CAM044,2025-05-07,70099,1732,84,21029.77,109170.86
CAM044,2025-05-08,74735,1803,85,22420.61,123606.36
CAM044,2025-05-09,77674,1766,85,23302.46,107232.38
CAM044,2025-05-10,80980,1761,83,24294.2,127335.52
CAM044,2025-05-11,77869,1797,79,23360.76,124207.66
CAM044,2025-05-12,77817,1941,97,23345.28,151417.0
CAM045,2025-07-26,29443,652,28,8833.05,84919.13
CAM045,2025-07-27,27375,632,28,8212.79,81048.49
CAM045,2025-07-28,27148,658,32,8144.41,95510.2
CAM045,2025-07-29,31484,730,35,9445.3,126229.17
CAM045,2025-07-30,32153,672,30,9645.9,111481.18
CAM045,2025-07-31,31781,668,27,9534.39,87328.78
CAM045,2025-08-01,27475,589,26,8242.54,97185.08
CAM045,2025-08-02,30711,698,28,9213.5,103282.66
CAM045,2025-08-03,29188,671,29,8756.44,92075.23
CAM046,2025-04-21,39006,1185,78,12481.94,221035.02
CAM046,2025-04-22,36904,1296,72,11809.54,194730.6
CAM046,2025-04-23,39079,1246,74,12505.3,171187.68
CAM046,2025-04-24,42532,1304,82,13610.24,239216.5
CAM046,2025-04-25,39392,1228,70,12605.76,177976.76
CAM046,2025-04-26,39034,1243,80,12490.91,208909.5
CAM046,2025-04-27,38373,1283,74,12279.65,162803.43
CAM046,2025-04-28,38785,1243,72,12411.22,193357.98
CAM046,2025-04-29,36142,1107,71,11565.46,167083.08
CAM046,2025-04-30,38664,1306,79,12372.77,215030.98
CAM046,2025-05-01,41936,1512,95,13419.63,217181.19
CAM046,2025-05-02,39660,1415,86,12691.34,194167.61
CAM046,2025-05-03,37515,1223,73,12005.07,207199.07
CAM046,2025-05-04,40173,1419,93,12855.56,234134.74
CAM046,2025-05-05,40815,1488,85,13061.07,204179.28
CAM047,2025-01-25,8736,311,20,3931.39,44921.56
CAM047,2025-01-26,8574,291,19,3858.6,35161.09
CAM047,2025-01-27,8198,261,17,3689.5,34849.23
CAM047,2025-01-28,7592,261,19,3416.52,35040.84
CAM047,2025-01-29,8188,269,18,3684.92,42115.85
CAM047,2025-01-30,8794,329,25,3957.74,59937.59
CAM047,2025-01-31,8644,311,19,3890.2,36654.51
CAM047,2025-02-01,8434,313,20,3795.38,47735.63
CAM047,2025-02-02,7682,287,19,3457.27,41866.89
CAM047,2025-02-03,8047,265,19,3621.37,41914.41
CAM047,2025-02-04,8007,257,18,3603.29,36121.34
CAM047,2025-02-05,7946,273,20,3576.12,40979.63
CAM047,2025-02-06,7566,238,16,3405.02,38428.57
CAM047,2025-02-07,7551,257,18,3397.96,36322.18
CAM047,2025-02-08,7758,280,18,3491.35,35543.43
CAM047,2025-02-09,8764,328,22,3944.03,50869.35
CAM048,2025-04-30,7985,213,12,3034.59,39558.35
CAM048,2025-05-01,7521,189,11,2858.34,37759.8
CAM048,2025-05-02,7317,195,11,2780.5,33799.75
CAM048,2025-05-03,7040,174,10,2675.34,32908.5
CAM048,2025-05-04,7260,177,9,2759.09,27953.7
CAM048,2025-05-05,7286,168,9,2768.87,27430.75
CAM048,2025-05-06,7792,179,9,2961.31,26694.7
CAM048,2025-05-07,8310,215,13,3157.94,36680.01
CAM048,2025-05-08,8076,220,13,3068.91,41481.26
CAM048,2025-05-09,7065,179,10,2684.78,26914.14
CAM048,2025-05-10,7043,178,10,2676.58,33689.64
CAM048,2025-05-11,7942,219,11,3018.06,38423.38
CAM048,2025-05-12,7756,206,11,2947.49,31331.45
CAM048,2025-05-13,7163,173,10,2722.1,30747.57
CAM048,2025-05-14,7340,180,10,2789.33,34476.59
CAM048,2025-05-15,7500,171,9,2850.35,23877.56
CAM048,2025-05-16,7988,189,11,3035.62,34576.95
CAM048,2025-05-17,7404,188,10,2813.87,31405.7
CAM048,2025-05-18,7200,173,10,2736.35,32060.41
CAM048,2025-05-19,7938,208,11,3016.58,31990.25
CAM049,2025-08-27,80072,2975,199,36032.81,732104.49
CAM049,2025-08-28,74110,2790,187,33349.87,572191.14
CAM049,2025-08-29,75980,2668,174,34191.13,622320.07
CAM049,2025-08-30,82386,2760,190,37074.0,645317.97
CAM049,2025-08-31,80677,2738,174,36304.83,517250.43
CAM049,2025-09-01,80810,2809,192,36364.52,536096.43
CAM049,2025-09-02,72897,2777,174,32804.01,579318.35
CAM049,2025-09-03,83449,3126,238,37552.12,744205.52
CAM049,2025-09-04,71305,2610,200,32087.66,734001.36
CAM049,2025-09-05,81539,2656,193,36692.85,668630.02
CAM049,2025-09-06,82158,2954,222,36971.52,809303.21
CAM049,2025-09-07,78165,2998,190,35174.44,544741.69
CAM050,2025-08-05,49777,1333,54,15928.73,153756.29
CAM050,2025-08-06,46313,1269,56,14820.4,135940.79
CAM050,2025-08-07,48626,1107,46,15560.48,133620.25
CAM050,2025-08-08,49796,1248,52,15934.89,121782.47
CAM050,2025-08-09,48586,1226,56,15547.67,171641.23
CAM050,2025-08-10,45879,1113,54,14681.36,167484.13
CAM050,2025-08-11,49162,1172,49,15732.0,136441.98
CAM050,2025-08-12,52940,1284,60,16941.08,148877.93
CAM050,2025-08-13,44932,1032,45,14378.3,133679.22
CAM050,2025-08-14,46285,1075,46,14811.42,136397.46
CAM050,2025-08-15,44215,1018,45,14149.04,113869.82
